datetime,count
2011-01-20 00:00:00,10.175737105183194
2011-01-20 01:00:00,3.8043784787644706
2011-01-20 02:00:00,2.8023348293381884
2011-01-20 03:00:00,3.9707364950534547
2011-01-20 04:00:00,1.789977685698704
2011-01-20 05:00:00,6.156571659883045
2011-01-20 06:00:00,31.15271764958468
2011-01-20 07:00:00,95.79856737969548
2011-01-20 08:00:00,202.85044198298678
2011-01-20 09:00:00,112.28535268505273
2011-01-20 10:00:00,51.02652618920236
2011-01-20 11:00:00,58.02008565766977
2011-01-20 12:00:00,64.77348137753577
2011-01-20 13:00:00,65.25595907497082
2011-01-20 14:00:00,57.625445805376415
2011-01-20 15:00:00,63.08896269002905
2011-01-20 16:00:00,82.15687836206641
2011-01-20 17:00:00,176.96004947469075
2011-01-20 18:00:00,133.59855505758307
2011-01-20 19:00:00,104.8984572285398
2011-01-20 20:00:00,58.57353494856494
2011-01-20 21:00:00,49.38780182873642
2011-01-20 22:00:00,34.969450324356586
2011-01-20 23:00:00,18.220496250851912
2011-01-21 00:00:00,8.65739211095487
2011-01-21 01:00:00,3.6512824392246275
2011-01-21 02:00:00,2.7124544671756934
2011-01-21 03:00:00,1.202072505036523
2011-01-21 04:00:00,1.7478733381693585
2011-01-21 05:00:00,4.765390160068669
2011-01-21 06:00:00,29.429719000555785
2011-01-21 07:00:00,91.21230960508353
2011-01-21 08:00:00,203.63618501048768
2011-01-21 09:00:00,106.02391867747278
2011-01-21 10:00:00,43.694552118249085
2011-01-21 11:00:00,50.75479419161568
2011-01-21 12:00:00,57.454285365058205
2011-01-21 13:00:00,53.68689633847443
2011-01-21 14:00:00,50.82344471965639
2011-01-21 15:00:00,50.54641611822783
2011-01-21 16:00:00,70.21717626364199
2011-01-21 17:00:00,137.5536559061428
2011-01-21 18:00:00,129.2656615274113
2011-01-21 19:00:00,88.59717954190079
2011-01-21 20:00:00,50.524360818853836
2011-01-21 21:00:00,38.885870838088884
2011-01-21 22:00:00,31.548564478010803
2011-01-21 23:00:00,18.066386763478942
2011-01-22 00:00:00,17.485529384681723
2011-01-22 01:00:00,18.083984333796252
2011-01-22 02:00:00,14.923299661640103
2011-01-22 03:00:00,6.312201754742891
2011-01-22 04:00:00,1.2741121825486612
2011-01-22 06:00:00,2.924592014214105
2011-01-22 07:00:00,5.903981291503505
2011-01-22 08:00:00,18.23267507388399
2011-01-22 09:00:00,32.39603645044677
2011-01-22 10:00:00,55.69347538913427
2011-01-22 11:00:00,62.29741933762672
2011-01-22 12:00:00,82.64694225572025
2011-01-22 13:00:00,75.28124573155189
2011-01-22 14:00:00,61.73446573370744
2011-01-22 15:00:00,72.85589686413206
2011-01-22 16:00:00,63.52199091870661
2011-01-22 17:00:00,62.94796074516058
2011-01-22 18:00:00,58.164173763197745
2011-01-22 19:00:00,49.08794869070744
2011-01-22 20:00:00,29.689191382246022
2011-01-22 21:00:00,33.40319661416162
2011-01-22 22:00:00,19.158484962017514
2011-01-22 23:00:00,14.269411226977063
2011-01-23 00:00:00,18.902366460209826
2011-01-23 01:00:00,15.792437293929812
2011-01-23 02:00:00,13.201400008126155
2011-01-23 03:00:00,7.80530006757024
2011-01-23 05:00:00,1.1793648595156907
2011-01-23 06:00:00,2.579637029240523
2011-01-23 07:00:00,5.286775516385714
2011-01-23 08:00:00,18.871795258092053
2011-01-23 09:00:00,25.012873951158745
2011-01-23 10:00:00,42.33452229046026
2011-01-23 11:00:00,44.92431756096986
2011-01-23 12:00:00,80.46041769350241
2011-01-23 13:00:00,86.01022936445004
2011-01-23 14:00:00,88.41544092222026
2011-01-23 15:00:00,82.84510186304453
2011-01-23 16:00:00,76.63891530798654
2011-01-23 17:00:00,68.56854505828056
2011-01-23 18:00:00,52.98935288118043
2011-01-23 19:00:00,36.97565510667224
2011-01-23 20:00:00,34.80697548495889
2011-01-23 21:00:00,31.113446442766268
2011-01-23 22:00:00,22.88493931989877
2011-01-23 23:00:00,17.256490820281183
2011-01-24 00:00:00,9.325787165856761
2011-01-24 01:00:00,2.739685682173268
2011-01-24 03:00:00,1.0057655527061384
2011-01-24 04:00:00,1.4208209060271981
2011-01-24 05:00:00,4.575460660206233
2011-01-24 06:00:00,23.97310706317155
2011-01-24 07:00:00,72.1951829877317
2011-01-24 08:00:00,159.72607391908534
2011-01-24 09:00:00,99.55476930887478
2011-01-24 10:00:00,35.549726142558775
2011-01-24 11:00:00,37.833462220050556
2011-01-24 12:00:00,45.54951055357885
2011-01-24 13:00:00,44.11832818645208
2011-01-24 14:00:00,40.59210708239283
2011-01-24 15:00:00,56.344519251896266
2011-01-24 16:00:00,67.20006721914042
2011-01-24 17:00:00,125.36031157756383
2011-01-24 18:00:00,118.96780963384317
2011-01-24 19:00:00,89.00142117994862
2011-01-24 20:00:00,50.94238817607236
2011-01-24 21:00:00,40.21999638576768
2011-01-24 22:00:00,31.355984982337027
2011-01-24 23:00:00,19.967236450263343
2011-01-25 00:00:00,7.480075404335501
2011-01-25 01:00:00,3.565603586007935
2011-01-25 02:00:00,1.874227759377734
2011-01-25 04:00:00,1.9058246803292507
2011-01-25 05:00:00,4.963669878157283
2011-01-25 06:00:00,29.87539549337903
2011-01-25 07:00:00,100.73733365473343
2011-01-25 08:00:00,201.56100981135478
2011-01-25 09:00:00,114.87870429912344
2011-01-25 10:00:00,46.477321082311484
2011-01-25 11:00:00,47.93661350315064
2011-01-25 12:00:00,55.12133090678904
2011-01-25 13:00:00,51.21898012176727
2011-01-25 14:00:00,57.583234139639856
2011-01-25 15:00:00,66.23111925471112
2011-01-25 16:00:00,93.4466703362059
2011-01-25 17:00:00,207.7398299511413
2011-01-25 18:00:00,170.68475326431337
2011-01-25 19:00:00,106.98497295203761
2011-01-25 20:00:00,62.6924665127959
2011-01-25 21:00:00,50.596577184556665
2011-01-25 22:00:00,37.96887802964406
2011-01-25 23:00:00,21.526326118552056
2011-01-26 00:00:00,9.544818348312265
2011-01-26 01:00:00,3.771550210490858
2011-01-26 02:00:00,2.3327911178567318
2011-01-26 05:00:00,1.8704950594616534
2011-01-26 06:00:00,10.625647004177507
2011-01-26 07:00:00,28.38258252544814
2011-01-26 08:00:00,60.557928896622045
2011-01-26 09:00:00,35.14786899101303
2011-01-26 10:00:00,18.642485094342124
2011-01-26 11:00:00,15.848192468539992
2011-01-26 12:00:00,14.325975577843334
2011-01-26 13:00:00,15.139181907358605
2011-01-26 14:00:00,14.616105369845835
2011-01-26 15:00:00,11.526965908750366
2011-01-26 16:00:00,42.09904940698857
2011-01-26 17:00:00,48.12396641277478
2011-01-27 16:00:00,67.0469052208943
2011-01-27 17:00:00,145.21604062055835
2011-01-27 18:00:00,135.15808811172465
2011-01-27 19:00:00,96.47656165116467
2011-01-27 20:00:00,60.65812585538973
2011-01-27 21:00:00,47.60492307317513
2011-01-27 22:00:00,35.89893339540156
2011-01-27 23:00:00,19.762996785073085
2011-01-28 00:00:00,8.742667036056774
2011-01-28 01:00:00,3.8970761108302288
2011-01-28 02:00:00,2.6797268486788783
2011-01-28 03:00:00,2.16165047695929
2011-01-28 05:00:00,5.763698891362802
2011-01-28 06:00:00,30.043592077225995
2011-01-28 07:00:00,88.73528006139625
2011-01-28 08:00:00,182.19247445030535
2011-01-28 09:00:00,57.8223014673211
2011-01-28 10:00:00,27.70737632579342
2011-01-28 11:00:00,26.880103594227332
2011-01-28 12:00:00,25.088649235729196
2011-01-28 13:00:00,26.195848869335173
2011-01-28 14:00:00,31.425593953166498
2011-01-28 15:00:00,42.01178156672345
2011-01-28 16:00:00,66.5004148429714
2011-01-28 17:00:00,154.34065063764672
2011-01-28 18:00:00,142.64507536589073
2011-01-28 19:00:00,101.27856340588909
2011-01-28 20:00:00,59.724942727385105
2011-01-28 21:00:00,48.76487957637984
2011-01-28 22:00:00,35.59118111980797
2011-01-28 23:00:00,22.06664776441002
2011-01-29 00:00:00,19.38534728906781
2011-01-29 01:00:00,21.685366580202547
2011-01-29 02:00:00,15.685188162612047
2011-01-29 03:00:00,10.5307216039092
2011-01-29 04:00:00,2.200165964227862
2011-01-29 06:00:00,2.427958104890756
2011-01-29 07:00:00,6.842955079241035
2011-01-29 08:00:00,26.557012814187637
2011-01-29 09:00:00,40.99336428111635
2011-01-29 10:00:00,52.52059135939633
2011-01-29 11:00:00,53.55773034807154
2011-01-29 12:00:00,63.904637675670145
2011-01-29 13:00:00,64.58974951214124
2011-01-29 14:00:00,54.569047990235354
2011-01-29 15:00:00,64.9444430275572
2011-01-29 16:00:00,59.62690847010363
2011-01-29 17:00:00,62.530153396914784
2011-01-29 18:00:00,55.76202624248197
2011-01-29 19:00:00,44.48768095416839
2011-01-29 20:00:00,36.65358961973796
2011-01-29 21:00:00,31.95855859309009
2011-01-29 22:00:00,24.984839852427214
2011-01-29 23:00:00,16.01806814755597
2011-01-30 00:00:00,23.60731106286167
2011-01-30 01:00:00,19.33990701206441
2011-01-30 02:00:00,16.562829700263528
2011-01-30 03:00:00,6.288979934018303
2011-01-30 04:00:00,1.5295767986349933
2011-01-30 05:00:00,1.2682240437038277
2011-01-30 07:00:00,4.433401860087706
2011-01-30 08:00:00,15.744542605879964
2011-01-30 09:00:00,43.647757338103204
2011-01-30 10:00:00,56.039600557081606
2011-01-30 11:00:00,62.77069834342755
2011-01-30 12:00:00,100.55136660296647
2011-01-30 13:00:00,102.15830952687463
2011-01-30 14:00:00,76.38209841430339
2011-01-30 15:00:00,93.94123701610373
2011-01-30 16:00:00,86.18366061210276
2011-01-30 17:00:00,84.8669697128874
2011-01-30 18:00:00,51.299478273495495
2011-01-30 19:00:00,47.218269009206224
2011-01-30 20:00:00,35.64905323261699
2011-01-30 21:00:00,32.71799997284653
2011-01-30 22:00:00,24.311225626737855
2011-01-30 23:00:00,15.853540763894685
2011-01-31 00:00:00,8.808500238074254
2011-01-31 01:00:00,3.8561584245766136
2011-01-31 02:00:00,1.9270708045273315
2011-01-31 03:00:00,2.4034089545142665
2011-01-31 04:00:00,1.767317192002217
2011-01-31 05:00:00,4.298611682295711
2011-01-31 06:00:00,25.85670660775899
2011-01-31 07:00:00,75.84118676276432
2011-01-31 08:00:00,193.9695921062016
2011-01-31 09:00:00,105.9275949573736
2011-01-31 10:00:00,47.708844141101764
2011-01-31 11:00:00,47.331682339386155
2011-01-31 12:00:00,51.367341383855845
2011-01-31 13:00:00,53.35061065150949
2011-01-31 14:00:00,45.6565725287661
2011-01-31 15:00:00,44.868967652421034
2011-01-31 16:00:00,62.04978804307588
2011-01-31 17:00:00,148.31895401691028
2011-01-31 18:00:00,147.73953968774586
2011-01-31 19:00:00,118.8519828400642
2011-01-31 20:00:00,44.832283547207076
2011-01-31 21:00:00,32.57535341642385
2011-01-31 22:00:00,34.3411568185399
2011-01-31 23:00:00,19.420284181022737
2011-02-20 00:00:00,31.605254031555866
2011-02-20 01:00:00,26.643224084793328
2011-02-20 02:00:00,20.43707228514571
2011-02-20 03:00:00,7.354418591281071
2011-02-20 04:00:00,1.7755382026197766
2011-02-20 06:00:00,2.951508918150157
2011-02-20 07:00:00,10.075612033000223
2011-02-20 08:00:00,28.55117181697759
2011-02-20 09:00:00,47.68470068897297
2011-02-20 10:00:00,84.00314177090709
2011-02-20 11:00:00,98.49004370824184
2011-02-20 12:00:00,141.13175035684063
2011-02-20 13:00:00,157.33338227268166
2011-02-20 14:00:00,125.94300849495801
2011-02-20 15:00:00,153.26080426433958
2011-02-20 16:00:00,143.00913251012173
2011-02-20 17:00:00,129.40396789184334
2011-02-20 18:00:00,116.32919044248901
2011-02-20 19:00:00,86.84748161885699
2011-02-20 20:00:00,67.0597740037497
2011-02-20 21:00:00,58.355861412133706
2011-02-20 22:00:00,45.67407005636084
2011-02-20 23:00:00,31.46367418480098
2011-02-21 00:00:00,28.28903650116893
2011-02-21 01:00:00,27.11971717133892
2011-02-21 02:00:00,19.535403893363714
2011-02-21 03:00:00,10.159942638352392
2011-02-21 04:00:00,2.8195548043542624
2011-02-21 05:00:00,1.893046727096047
2011-02-21 06:00:00,8.591742041239682
2011-02-21 07:00:00,22.842451024281782
2011-02-21 08:00:00,35.701004908684965
2011-02-21 09:00:00,46.70118039705419
2011-02-21 10:00:00,83.0851552894782
2011-02-21 11:00:00,108.28104618157982
2011-02-21 12:00:00,167.7144477548922
2011-02-21 13:00:00,40.75655532321892
2011-02-21 14:00:00,87.95056193263613
2011-02-21 15:00:00,117.06609117995687
2011-02-21 16:00:00,51.36598853428375
2011-02-21 17:00:00,99.60751605790394
2011-02-21 18:00:00,49.53775919285165
2011-02-21 19:00:00,38.67218516167747
2011-02-21 20:00:00,18.59593457655159
2011-02-21 21:00:00,19.002979983943213
2011-02-21 22:00:00,15.20902737214864
2011-02-21 23:00:00,11.092769080252491
2011-02-22 06:00:00,27.486804073513774
2011-02-22 07:00:00,86.84769145504295
2011-02-22 08:00:00,261.85102632126643
2011-02-22 09:00:00,141.22813132917497
2011-02-22 10:00:00,43.83489880995704
2011-02-22 11:00:00,48.96901537306177
2011-02-22 12:00:00,59.944598172042035
2011-02-22 13:00:00,59.731344776754604
2011-02-22 14:00:00,51.40402019444953
2011-02-22 15:00:00,56.16233161627306
2011-02-22 16:00:00,74.61356270306617
2011-02-22 17:00:00,160.00971506333585
2011-02-22 18:00:00,152.1882343697447
2011-02-22 19:00:00,87.30222566103542
2011-02-22 20:00:00,64.82301905884249
2011-02-22 21:00:00,49.44176274985015
2011-02-22 22:00:00,36.29890030572957
2011-02-22 23:00:00,23.011843591751727
2011-02-23 00:00:00,9.89409938732334
2011-02-23 01:00:00,3.9877602642656047
2011-02-23 02:00:00,2.1625976582409527
2011-02-23 03:00:00,1.0214771692668436
2011-02-23 05:00:00,5.412203561538257
2011-02-23 06:00:00,30.379916833926963
2011-02-23 07:00:00,101.3448619308708
2011-02-23 08:00:00,230.97735660651222
2011-02-23 09:00:00,140.22564617837492
2011-02-23 10:00:00,56.09683790629969
2011-02-23 11:00:00,58.48319148748799
2011-02-23 12:00:00,71.60118925250652
2011-02-23 13:00:00,75.57612620771496
2011-02-23 14:00:00,70.4743952606836
2011-02-23 15:00:00,80.77653164708641
2011-02-23 16:00:00,110.36604537051437
2011-02-23 17:00:00,238.01611032291544
2011-02-23 18:00:00,211.13212622433005
2011-02-23 19:00:00,117.23835895625972
2011-02-23 20:00:00,73.17955594241842
2011-02-23 21:00:00,54.26820666441021
2011-02-23 22:00:00,41.29267777073531
2011-02-23 23:00:00,27.22537690917348
2011-02-24 00:00:00,10.706361261707556
2011-02-24 01:00:00,4.3011230766867135
2011-02-24 02:00:00,1.8354801664873976
2011-02-24 03:00:00,1.8689447713060927
2011-02-24 05:00:00,5.846474441668743
2011-02-24 06:00:00,33.503576531685326
2011-02-24 07:00:00,114.09488224227213
2011-02-24 08:00:00,258.3304302203263
2011-02-24 09:00:00,135.6012388769831
2011-02-24 10:00:00,51.16870094953474
2011-02-24 11:00:00,65.11597980844311
2011-02-24 12:00:00,77.61977803288677
2011-02-24 13:00:00,75.20849838320026
2011-02-24 14:00:00,69.74288611906178
2011-02-24 15:00:00,33.80491448261486
2011-02-24 16:00:00,51.02680557006454
2011-02-24 17:00:00,152.30116278691216
2011-02-24 18:00:00,139.03273075798472
2011-02-24 19:00:00,42.48114294677575
2011-02-24 20:00:00,53.08087534329625
2011-02-24 21:00:00,54.137896305737115
2011-02-24 22:00:00,23.30894612922063
2011-02-24 23:00:00,36.50467802459605
2011-02-25 00:00:00,6.725347121081704
2011-02-25 01:00:00,6.183106400821744
2011-02-25 02:00:00,2.9593516712501597
2011-02-25 03:00:00,1.8341557684418959
2011-02-25 05:00:00,6.227444717254671
2011-02-25 06:00:00,22.674854215556646
2011-02-25 07:00:00,77.42101893588604
2011-02-25 08:00:00,100.41304219525239
2011-02-25 09:00:00,38.652895776416905
2011-02-25 10:00:00,20.817602893328427
2011-02-25 11:00:00,89.5504682331268
2011-02-25 12:00:00,68.79175937656773
2011-02-25 13:00:00,60.58156778689676
2011-02-25 14:00:00,52.40895949703618
2011-02-25 15:00:00,91.05588830610785
2011-02-25 16:00:00,91.55369694993603
2011-02-25 17:00:00,200.43431350207186
2011-02-25 18:00:00,188.59682569397165
2011-02-25 19:00:00,107.97594786621949
2011-02-25 20:00:00,69.86970602873356
2011-02-25 21:00:00,58.969728093783175
2011-02-25 22:00:00,39.492774661330515
2011-02-25 23:00:00,24.113930796599632
2011-02-26 00:00:00,26.639204350137174
2011-02-26 01:00:00,21.688875601310556
2011-02-26 02:00:00,16.156400842039613
2011-02-26 03:00:00,11.285708311580159
2011-02-26 04:00:00,3.1068495779819987
2011-02-26 05:00:00,1.2126125964836674
2011-02-26 06:00:00,2.4750833251464384
2011-02-26 07:00:00,8.454806378046865
2011-02-26 08:00:00,26.489297591388684
2011-02-26 09:00:00,47.51842006100541
2011-02-26 10:00:00,82.3009297748792
2011-02-26 11:00:00,102.90435570226434
2011-02-26 12:00:00,154.5245854789879
2011-02-26 13:00:00,126.01513257378421
2011-02-26 14:00:00,131.04721049008614
2011-02-26 15:00:00,146.76135404022423
2011-02-26 16:00:00,126.29576685327119
2011-02-26 17:00:00,138.92371592513268
2011-02-26 18:00:00,106.63212165767136
2011-02-26 19:00:00,72.64229781970423
2011-02-26 20:00:00,54.47438695789676
2011-02-26 21:00:00,47.38963191471844
2011-02-26 22:00:00,38.324053466395064
2011-02-26 23:00:00,25.860496052424278
2011-02-27 00:00:00,25.5228036616871
2011-02-27 01:00:00,30.85614115930133
2011-02-27 02:00:00,23.20744326639882
2011-02-27 03:00:00,11.240909891202367
2011-02-27 04:00:00,3.4772283098600827
2011-02-27 06:00:00,2.928565701430815
2011-02-27 07:00:00,9.926065652851513
2011-02-27 08:00:00,30.80519449901363
2011-02-27 09:00:00,51.49335837843018
2011-02-27 10:00:00,83.95338618451807
2011-02-27 11:00:00,115.84368653514284
2011-02-27 12:00:00,161.1947481703824
2011-02-27 13:00:00,174.08570864261407
2011-02-27 14:00:00,143.18444775084873
2011-02-27 15:00:00,210.94228741264652
2011-02-27 16:00:00,227.4718304640779
2011-02-27 17:00:00,142.40976553496168
2011-02-27 18:00:00,119.07091807259908
2011-02-27 19:00:00,81.95200610102732
2011-02-27 20:00:00,67.95738469677974
2011-02-27 21:00:00,67.89856920504221
2011-02-27 22:00:00,55.055275991232634
2011-02-27 23:00:00,38.536975720311304
2011-02-28 00:00:00,18.06983897320185
2011-02-28 01:00:00,2.84301861951032
2011-02-28 03:00:00,1.6756440167658897
2011-02-28 05:00:00,6.543367340451624
2011-02-28 06:00:00,38.937077098740396
2011-02-28 07:00:00,138.97464624919306
2011-02-28 08:00:00,170.9143531736533
2011-02-28 09:00:00,124.46997115729748
2011-02-28 10:00:00,81.43047913238206
2011-02-28 11:00:00,98.3881220457603
2011-02-28 12:00:00,116.25841485105774
2011-02-28 13:00:00,34.750176521469626
2011-02-28 14:00:00,20.242914025774596
2011-02-28 15:00:00,18.584080555775515
2011-02-28 16:00:00,46.91726169612597
2011-02-28 17:00:00,71.52048692689114
2011-02-28 18:00:00,104.4897002431102
2011-02-28 19:00:00,47.10977079720262
2011-02-28 20:00:00,31.173090676722822
2011-02-28 21:00:00,67.48183311229245
2011-02-28 22:00:00,17.5719538440468
2011-02-28 23:00:00,22.74019860535522
2011-03-20 00:00:00,34.25454358346865
2011-03-20 01:00:00,28.762223626038853
2011-03-20 02:00:00,20.336913248930774
2011-03-20 03:00:00,10.263817429991372
2011-03-20 04:00:00,2.1682268292863784
2011-03-20 05:00:00,1.9973130906041243
2011-03-20 06:00:00,3.546481011913576
2011-03-20 07:00:00,8.957685947376868
2011-03-20 08:00:00,40.914496345272745
2011-03-20 09:00:00,53.3504478017578
2011-03-20 10:00:00,102.26879555732603
2011-03-20 11:00:00,127.43726915128232
2011-03-20 12:00:00,181.52797123575363
2011-03-20 13:00:00,184.18096256946617
2011-03-20 14:00:00,151.2868366696228
2011-03-20 15:00:00,174.02806827946938
2011-03-20 16:00:00,176.78679503927907
2011-03-20 17:00:00,154.98662562121885
2011-03-20 18:00:00,137.5657237476636
2011-03-20 19:00:00,86.88226020425478
2011-03-20 20:00:00,69.5136278894926
2011-03-20 21:00:00,51.970376064501075
2011-03-20 22:00:00,41.66176046800424
2011-03-20 23:00:00,15.903126407704534
2011-03-21 00:00:00,14.938025611481143
2011-03-21 01:00:00,7.370154321936978
2011-03-21 02:00:00,5.571319461101932
2011-03-21 03:00:00,2.3074952719013355
2011-03-21 05:00:00,11.14600758057681
2011-03-21 06:00:00,31.08236247849296
2011-03-21 07:00:00,54.283312445558096
2011-03-21 08:00:00,170.22941729879184
2011-03-21 09:00:00,120.98928328898104
2011-03-21 10:00:00,81.83570747750176
2011-03-21 11:00:00,103.3825047424075
2011-03-21 12:00:00,121.06617293625864
2011-03-21 13:00:00,166.5511713311606
2011-03-21 14:00:00,168.54353484789524
2011-03-21 15:00:00,161.47385817590083
2011-03-21 16:00:00,251.9768472530886
2011-03-21 17:00:00,478.82212488420384
2011-03-21 18:00:00,438.7651062329128
2011-03-21 19:00:00,354.12169445669747
2011-03-21 20:00:00,253.5354500312623
2011-03-21 21:00:00,97.70169950098895
2011-03-21 22:00:00,93.57515472812118
2011-03-21 23:00:00,65.19249559762464
2011-03-22 00:00:00,32.33108971063585
2011-03-22 01:00:00,11.917878868340008
2011-03-22 02:00:00,8.099854315681846
2011-03-22 03:00:00,4.360236598095215
2011-03-22 04:00:00,4.033339909490051
2011-03-22 05:00:00,16.154849817682457
2011-03-22 06:00:00,58.49197783114688
2011-03-22 07:00:00,226.0791523064939
2011-03-22 08:00:00,307.530318586294
2011-03-22 09:00:00,162.25333534103572
2011-03-22 10:00:00,95.3816695856571
2011-03-22 11:00:00,114.08643266766244
2011-03-22 12:00:00,173.7483240450001
2011-03-22 13:00:00,178.25622733615575
2011-03-22 14:00:00,164.00192958968128
2011-03-22 15:00:00,174.4415446526043
2011-03-22 16:00:00,270.81574087005316
2011-03-22 17:00:00,447.7891484844339
2011-03-22 18:00:00,440.8033944173791
2011-03-22 19:00:00,235.13136125181992
2011-03-22 20:00:00,144.68712570893828
2011-03-22 21:00:00,112.42315658306507
2011-03-22 22:00:00,85.7845276633422
2011-03-22 23:00:00,52.62708470809951
2011-03-23 00:00:00,17.970732922601382
2011-03-23 01:00:00,7.6609475160696014
2011-03-23 02:00:00,4.364561437306543
2011-03-23 03:00:00,2.5108420872643706
2011-03-23 05:00:00,8.232046947085795
2011-03-23 06:00:00,39.96873457989668
2011-03-23 07:00:00,112.90373325810631
2011-03-23 08:00:00,220.31960393232495
2011-03-23 09:00:00,129.27308167955002
2011-03-23 10:00:00,62.587126432331615
2011-03-23 11:00:00,65.10504217959901
2011-03-23 12:00:00,59.16784705900159
2011-03-23 13:00:00,43.626920800811355
2011-03-23 14:00:00,76.91724562693354
2011-03-23 15:00:00,92.3532537731657
2011-03-23 16:00:00,147.5552769019606
2011-03-23 17:00:00,337.0271807389673
2011-03-23 18:00:00,170.4085409757655
2011-03-23 19:00:00,109.96432762202272
2011-03-23 20:00:00,28.081888713147617
2011-03-23 21:00:00,25.616085508490094
2011-03-23 22:00:00,49.79699488643909
2011-03-23 23:00:00,24.12868948335184
2011-03-24 00:00:00,13.060821442471964
2011-03-24 01:00:00,8.805523936805722
2011-03-24 02:00:00,5.4441811432829965
2011-03-24 03:00:00,2.3984820204372848
2011-03-24 04:00:00,2.7241847701219117
2011-03-24 05:00:00,12.5502477273805
2011-03-24 06:00:00,47.3893044465852
2011-03-24 07:00:00,68.6748246363737
2011-03-24 08:00:00,113.80882717984073
2011-03-24 09:00:00,130.05435720985494
2011-03-24 10:00:00,46.63396218009225
2011-03-24 11:00:00,67.64668656205683
2011-03-24 12:00:00,101.84204617355194
2011-03-24 13:00:00,95.36612952838716
2011-03-24 14:00:00,94.73697611209825
2011-03-24 15:00:00,90.79974132742635
2011-03-24 16:00:00,121.75599147307628
2011-03-24 17:00:00,294.077131132918
2011-03-24 18:00:00,269.8842871217498
2011-03-24 19:00:00,169.221401523772
2011-03-24 20:00:00,122.82685337817333
2011-03-24 21:00:00,73.77576032964257
2011-03-24 22:00:00,62.476372187492494
2011-03-24 23:00:00,33.929562325496505
2011-03-25 00:00:00,15.48157612782417
2011-03-25 01:00:00,7.7985039962689875
2011-03-25 02:00:00,3.4066590772233756
2011-03-25 03:00:00,2.519420783491095
2011-03-25 04:00:00,2.664051107098507
2011-03-25 05:00:00,12.429616362086724
2011-03-25 06:00:00,51.58001780808638
2011-03-25 07:00:00,144.58385872866904
2011-03-25 08:00:00,297.8986307079699
2011-03-25 09:00:00,160.08766727580482
2011-03-25 10:00:00,71.94014279364731
2011-03-25 11:00:00,89.56428729451899
2011-03-25 12:00:00,110.255869137781
2011-03-25 13:00:00,103.1971950402997
2011-03-25 14:00:00,103.93872908976289
2011-03-25 15:00:00,101.24812993528693
2011-03-25 16:00:00,144.4857072721699
2011-03-25 17:00:00,264.9971905614428
2011-03-25 18:00:00,264.34234227457006
2011-03-25 19:00:00,162.48351562437136
2011-03-25 20:00:00,117.66431258588268
2011-03-25 21:00:00,87.32857704711336
2011-03-25 22:00:00,70.0895678970035
2011-03-25 23:00:00,39.59261469013694
2011-03-26 00:00:00,44.71436271403516
2011-03-26 01:00:00,39.655487866245274
2011-03-26 02:00:00,31.70560001014134
2011-03-26 03:00:00,9.747041874682672
2011-03-26 04:00:00,3.9424835651656442
2011-03-26 05:00:00,3.2735892520429823
2011-03-26 06:00:00,6.1733143769880305
2011-03-26 07:00:00,17.542491071078018
2011-03-26 08:00:00,51.88675267541087
2011-03-26 09:00:00,93.03908020126303
2011-03-26 10:00:00,125.63629962098791
2011-03-26 11:00:00,161.70011005129624
2011-03-26 12:00:00,207.74512687438695
2011-03-26 13:00:00,203.9890586238528
2011-03-26 14:00:00,177.2801877248821
2011-03-26 15:00:00,204.97562506836803
2011-03-26 16:00:00,204.3746818793293
2011-03-26 17:00:00,173.472892890822
2011-03-26 18:00:00,150.36371534529448
2011-03-26 19:00:00,118.99421839435084
2011-03-26 20:00:00,99.47818611898083
2011-03-26 21:00:00,58.95091713755898
2011-03-26 22:00:00,61.58854332272774
2011-03-26 23:00:00,38.98021527727373
2011-03-27 00:00:00,47.51272323476469
2011-03-27 01:00:00,34.904309673681794
2011-03-27 02:00:00,23.023699658967914
2011-03-27 03:00:00,7.999270429426831
2011-03-27 04:00:00,4.119596959926239
2011-03-27 06:00:00,5.463698425056467
2011-03-27 07:00:00,14.756190812801835
2011-03-27 08:00:00,45.365140954176894
2011-03-27 09:00:00,90.77473523043555
2011-03-27 10:00:00,92.16662776151111
2011-03-27 11:00:00,108.14847452122861
2011-03-27 12:00:00,155.35831174709026
2011-03-27 13:00:00,186.5829890306557
2011-03-27 14:00:00,171.1291590452363
2011-03-27 15:00:00,191.6334571679881
2011-03-27 16:00:00,196.55727178707056
2011-03-27 17:00:00,175.20710141293935
2011-03-27 18:00:00,132.82933888604074
2011-03-27 19:00:00,113.92751235349678
2011-03-27 20:00:00,100.83541372142285
2011-03-27 21:00:00,71.76157995783738
2011-03-27 22:00:00,59.206687339217645
2011-03-27 23:00:00,39.5600611084963
2011-03-28 00:00:00,14.717657091652638
2011-03-28 01:00:00,7.213278349099314
2011-03-28 02:00:00,4.427779747222488
2011-03-28 03:00:00,1.5639808454686914
2011-03-28 05:00:00,11.279457163255811
2011-03-28 06:00:00,54.40637267427496
2011-03-28 07:00:00,160.39938364020887
2011-03-28 08:00:00,276.64113936922746
2011-03-28 09:00:00,159.91206318559716
2011-03-28 10:00:00,79.55912368318518
2011-03-28 11:00:00,82.92594836385568
2011-03-28 12:00:00,107.4978753154389
2011-03-28 13:00:00,98.70060635679552
2011-03-28 14:00:00,94.32987206526529
2011-03-28 15:00:00,106.22528480321907
2011-03-28 16:00:00,155.5336670988491
2011-03-28 17:00:00,301.7761921319386
2011-03-28 18:00:00,253.78238806789773
2011-03-28 19:00:00,173.6350823006605
2011-03-28 20:00:00,133.1565152115051
2011-03-28 21:00:00,99.70495434762111
2011-03-28 22:00:00,72.8835994329461
2011-03-28 23:00:00,39.90270452559123
2011-03-29 00:00:00,16.366600841780805
2011-03-29 01:00:00,6.2402384541347695
2011-03-29 02:00:00,4.862170861717805
2011-03-29 03:00:00,1.4370205810734489
2011-03-29 04:00:00,2.5794877050310663
2011-03-29 05:00:00,13.224668784114506
2011-03-29 06:00:00,57.900199664633966
2011-03-29 07:00:00,169.6261873180404
2011-03-29 08:00:00,300.6673416994515
2011-03-29 09:00:00,152.83323575897495
2011-03-29 10:00:00,85.41876016296645
2011-03-29 11:00:00,90.17632283787339
2011-03-29 12:00:00,124.3143458295274
2011-03-29 13:00:00,111.99617486368766
2011-03-29 14:00:00,106.1836521702051
2011-03-29 15:00:00,126.56708283449002
2011-03-29 16:00:00,176.81869238460422
2011-03-29 17:00:00,363.1264787694236
2011-03-29 18:00:00,321.6577589386438
2011-03-29 19:00:00,198.31100607089962
2011-03-29 20:00:00,146.7541116436986
2011-03-29 21:00:00,106.37892945240732
2011-03-29 22:00:00,82.83965364331829
2011-03-29 23:00:00,53.60430576825056
2011-03-30 00:00:00,24.026222517870963
2011-03-30 01:00:00,10.627208604486643
2011-03-30 02:00:00,5.721058935124019
2011-03-30 03:00:00,2.3527402889382762
2011-03-30 04:00:00,3.7662652648387933
2011-03-30 05:00:00,14.123156416785339
2011-03-30 06:00:00,47.02297688272703
2011-03-30 07:00:00,168.56515985420717
2011-03-30 08:00:00,265.4272722967479
2011-03-30 09:00:00,140.46673456091122
2011-03-30 10:00:00,79.39372428593325
2011-03-30 11:00:00,90.80542175781221
2011-03-30 12:00:00,119.23436102891316
2011-03-30 13:00:00,108.6075157710147
2011-03-30 14:00:00,97.7776249135135
2011-03-30 15:00:00,38.967950730116506
2011-03-30 16:00:00,51.480107215904205
2011-03-30 17:00:00,137.3357326974025
2011-03-30 18:00:00,174.0002598674372
2011-03-30 19:00:00,125.58060212405736
2011-03-30 20:00:00,36.29487209093223
2011-03-30 21:00:00,57.50359747135135
2011-03-30 22:00:00,30.63963460490971
2011-03-30 23:00:00,14.389534204401091
2011-03-31 00:00:00,6.795686930874784
2011-03-31 01:00:00,5.128078589808179
2011-03-31 02:00:00,3.1840891531309774
2011-03-31 03:00:00,1.1930791669985483
2011-03-31 04:00:00,1.6141015317675111
2011-03-31 05:00:00,7.779623501701758
2011-03-31 06:00:00,22.00605537109734
2011-03-31 07:00:00,64.17393234544947
2011-03-31 08:00:00,302.39654642316674
2011-03-31 09:00:00,69.53260367798288
2011-03-31 10:00:00,35.55424466926289
2011-03-31 11:00:00,39.83438071342694
2011-03-31 12:00:00,39.69462212710128
2011-03-31 13:00:00,41.79057500369313
2011-03-31 14:00:00,45.370337229434845
2011-03-31 15:00:00,28.693308771363142
2011-03-31 16:00:00,88.13380302785306
2011-03-31 17:00:00,208.70187018743556
2011-03-31 18:00:00,213.0939867571062
2011-03-31 19:00:00,131.62250501210457
2011-03-31 20:00:00,40.5777958766434
2011-03-31 21:00:00,64.69573722785385
2011-03-31 22:00:00,31.259511155009946
2011-03-31 23:00:00,23.15733320998663
2011-04-20 00:00:00,24.736412347176014
2011-04-20 01:00:00,8.117105113371847
2011-04-20 02:00:00,6.711844140511001
2011-04-20 03:00:00,2.846273892271314
2011-04-20 04:00:00,2.72378390816142
2011-04-20 05:00:00,11.38438870032584
2011-04-20 06:00:00,48.776661211599105
2011-04-20 07:00:00,132.74030755199362
2011-04-20 08:00:00,334.53054906039984
2011-04-20 09:00:00,167.49061727648865
2011-04-20 10:00:00,107.26722295503653
2011-04-20 11:00:00,122.88795362850323
2011-04-20 12:00:00,159.99385925215012
2011-04-20 13:00:00,158.05917084492393
2011-04-20 14:00:00,140.09809481755374
2011-04-20 15:00:00,144.68099896758815
2011-04-20 16:00:00,220.3092121409417
2011-04-20 17:00:00,405.6858557796497
2011-04-20 18:00:00,382.1261924288913
2011-04-20 19:00:00,300.071229074005
2011-04-20 20:00:00,213.97332620914455
2011-04-20 21:00:00,157.73784872508108
2011-04-20 22:00:00,122.36801759531922
2011-04-20 23:00:00,64.73549644864309
2011-04-21 00:00:00,25.120445679610572
2011-04-21 01:00:00,10.994056359274698
2011-04-21 02:00:00,7.490661652138458
2011-04-21 03:00:00,2.585745492241321
2011-04-21 04:00:00,3.010461624650085
2011-04-21 05:00:00,11.357622422858396
2011-04-21 06:00:00,45.40117121682824
2011-04-21 07:00:00,149.4888654239823
2011-04-21 08:00:00,261.5324152806221
2011-04-21 09:00:00,143.0786828974237
2011-04-21 10:00:00,86.21019109024203
2011-04-21 11:00:00,98.57657877288904
2011-04-21 12:00:00,147.84721257488218
2011-04-21 13:00:00,146.72744702016738
2011-04-21 14:00:00,130.45382338048705
2011-04-21 15:00:00,152.17851463907763
2011-04-21 16:00:00,223.24783733643943
2011-04-21 17:00:00,389.06362579280136
2011-04-21 18:00:00,330.8980971096973
2011-04-21 19:00:00,220.06694922858733
2011-04-21 20:00:00,143.42328621392937
2011-04-21 21:00:00,104.98189872914155
2011-04-21 22:00:00,83.14378969385169
2011-04-21 23:00:00,53.70893043727072
2011-04-22 00:00:00,20.754866232133836
2011-04-22 01:00:00,8.576564228862333
2011-04-22 02:00:00,5.243368123189245
2011-04-22 03:00:00,2.866266474966476
2011-04-22 04:00:00,2.0664302066762725
2011-04-22 05:00:00,11.224195201181304
2011-04-22 06:00:00,43.54632315122828
2011-04-22 07:00:00,138.2628750467196
2011-04-22 08:00:00,260.4105687595896
2011-04-22 09:00:00,89.52011534764794
2011-04-22 10:00:00,76.45307890770403
2011-04-22 11:00:00,66.44043111265967
2011-04-22 12:00:00,71.24175634267074
2011-04-22 13:00:00,41.14577979305494
2011-04-22 14:00:00,39.4879585300314
2011-04-22 15:00:00,41.9098021116697
2011-04-22 16:00:00,72.94218118595688
2011-04-22 17:00:00,126.87318298401999
2011-04-22 18:00:00,98.6528686806478
2011-04-22 19:00:00,66.88004688285577
2011-04-22 20:00:00,47.095403408071704
2011-04-22 21:00:00,45.55050605540122
2011-04-22 22:00:00,36.92279908981367
2011-04-22 23:00:00,25.976019005567252
2011-04-23 00:00:00,26.782558666088374
2011-04-23 01:00:00,27.24943358716941
2011-04-23 02:00:00,26.005177147300373
2011-04-23 03:00:00,13.069037153055122
2011-04-23 04:00:00,3.8959122857392696
2011-04-23 05:00:00,4.2804056411657
2011-04-23 06:00:00,10.513876608840826
2011-04-23 07:00:00,17.169351952047748
2011-04-23 08:00:00,46.96336728337531
2011-04-23 09:00:00,52.71634572884243
2011-04-23 10:00:00,107.23001314389592
2011-04-23 11:00:00,135.19604727149306
2011-04-23 12:00:00,179.7404205503826
2011-04-23 13:00:00,191.53813231734298
2011-04-23 14:00:00,209.67783196588059
2011-04-23 15:00:00,244.13638534312503
2011-04-23 16:00:00,254.21758711358316
2011-04-23 17:00:00,213.14108934929948
2011-04-23 18:00:00,183.48634899585818
2011-04-23 19:00:00,157.72445324470593
2011-04-23 20:00:00,108.2054873958225
2011-04-23 21:00:00,102.23603153953074
2011-04-23 22:00:00,90.23622774994956
2011-04-23 23:00:00,61.49502867884459
2011-04-24 00:00:00,73.5159016972629
2011-04-24 01:00:00,40.11878118557633
2011-04-24 02:00:00,35.28006753732923
2011-04-24 03:00:00,16.39518886125893
2011-04-24 04:00:00,5.397785162991805
2011-04-24 05:00:00,7.974907542301336
2011-04-24 06:00:00,8.392160674374892
2011-04-24 07:00:00,18.93227970864852
2011-04-24 08:00:00,90.65382435370448
2011-04-24 09:00:00,112.33381637510965
2011-04-24 10:00:00,176.69785271899488
2011-04-24 11:00:00,270.4705642147323
2011-04-24 12:00:00,278.2509646864262
2011-04-24 13:00:00,327.7058979216332
2011-04-24 14:00:00,338.8809214999013
2011-04-24 15:00:00,295.67106873190073
2011-04-24 16:00:00,316.5775894769515
2011-04-24 17:00:00,291.46485940962833
2011-04-24 18:00:00,239.12368794101312
2011-04-24 19:00:00,124.59015574105042
2011-04-24 20:00:00,93.02605778938113
2011-04-24 21:00:00,61.70084350881624
2011-04-24 22:00:00,45.37662482273075
2011-04-24 23:00:00,39.352265241252844
2011-04-25 00:00:00,10.299656562642857
2011-04-25 01:00:00,8.037533647939247
2011-04-25 02:00:00,6.4199326893459325
2011-04-25 03:00:00,2.2938634915078246
2011-04-25 04:00:00,2.7234721632766234
2011-04-25 05:00:00,8.979143814872666
2011-04-25 06:00:00,40.10043723464133
2011-04-25 07:00:00,142.87736640306198
2011-04-25 08:00:00,325.13382388860157
2011-04-25 09:00:00,178.25043219906672
2011-04-25 10:00:00,111.71698935827388
2011-04-25 11:00:00,125.47538430733627
2011-04-25 12:00:00,156.46432867656713
2011-04-25 13:00:00,161.25619693097306
2011-04-25 14:00:00,138.321884348415
2011-04-25 15:00:00,144.4563346467905
2011-04-25 16:00:00,215.20724004743994
2011-04-25 17:00:00,388.0530293562064
2011-04-25 18:00:00,369.7556405165369
2011-04-25 19:00:00,284.44309573884084
2011-04-25 20:00:00,197.03988545887637
2011-04-25 21:00:00,149.7395453485793
2011-04-25 22:00:00,109.19053053010903
2011-04-25 23:00:00,62.84749346686212
2011-04-26 00:00:00,26.199737092549736
2011-04-26 01:00:00,8.780971497427622
2011-04-26 02:00:00,4.7578790871965095
2011-04-26 03:00:00,2.9687356085107135
2011-04-26 04:00:00,3.354939373818862
2011-04-26 05:00:00,16.599790369399596
2011-04-26 06:00:00,71.26435581238006
2011-04-26 07:00:00,220.24835046047605
2011-04-26 08:00:00,341.2201432702091
2011-04-26 09:00:00,167.31916929776548
2011-04-26 10:00:00,97.26094101644077
2011-04-26 11:00:00,120.89897086134637
2011-04-26 12:00:00,152.73660504236486
2011-04-26 13:00:00,143.35151899049364
2011-04-26 14:00:00,138.62247623856211
2011-04-26 15:00:00,143.19889761082493
2011-04-26 16:00:00,213.862278362702
2011-04-26 17:00:00,389.09234784744217
2011-04-26 18:00:00,350.9459355702685
2011-04-26 19:00:00,233.86464714619117
2011-04-26 20:00:00,172.5820108198666
2011-04-26 21:00:00,130.69409408594203
2011-04-26 22:00:00,97.9439840073947
2011-04-26 23:00:00,56.531805031942724
2011-04-27 00:00:00,29.624753600727672
2011-04-27 01:00:00,10.406861774136981
2011-04-27 02:00:00,5.331634226816979
2011-04-27 03:00:00,2.386272506287762
2011-04-27 04:00:00,3.3689941669323815
2011-04-27 05:00:00,10.508375184393875
2011-04-27 06:00:00,59.77013122330888
2011-04-27 07:00:00,154.3939369505143
2011-04-27 08:00:00,280.517090465248
2011-04-27 09:00:00,117.9786670821263
2011-04-27 10:00:00,84.40918689259291
2011-04-27 11:00:00,98.07999705701502
2011-04-27 12:00:00,137.14369544885963
2011-04-27 13:00:00,114.72787736720815
2011-04-27 14:00:00,137.76108678506688
2011-04-27 15:00:00,135.69702256047273
2011-04-27 16:00:00,180.09921953628177
2011-04-27 17:00:00,232.15177220244743
2011-04-27 18:00:00,223.53542788813488
2011-04-27 19:00:00,211.70029722795397
2011-04-27 20:00:00,134.32943320241858
2011-04-27 21:00:00,98.67567513020136
2011-04-27 22:00:00,73.42884536411586
2011-04-27 23:00:00,39.60287075862122
2011-04-28 00:00:00,26.777052384686435
2011-04-28 01:00:00,7.190069759456515
2011-04-28 02:00:00,4.017804807965838
2011-04-28 03:00:00,2.680707383170456
2011-04-28 04:00:00,2.594662165847478
2011-04-28 05:00:00,12.432673926311768
2011-04-28 06:00:00,70.35949613695293
2011-04-28 07:00:00,184.1770468075797
2011-04-28 08:00:00,355.57725326660756
2011-04-28 09:00:00,94.97643343567536
2011-04-28 10:00:00,70.69716627232346
2011-04-28 11:00:00,88.86814845390771
2011-04-28 12:00:00,129.75449514667352
2011-04-28 13:00:00,93.5279876322383
2011-04-28 14:00:00,110.33603727018512
2011-04-28 15:00:00,137.4540703764395
2011-04-28 16:00:00,181.0382946599107
2011-04-28 17:00:00,406.8958760134354
2011-04-28 18:00:00,366.60511800828647
2011-04-28 19:00:00,273.7741405478961
2011-04-28 20:00:00,186.44190611400984
2011-04-28 21:00:00,147.51273138586043
2011-04-28 22:00:00,118.35535822361419
2011-04-28 23:00:00,71.94864408245111
2011-04-29 00:00:00,24.505992555280258
2011-04-29 01:00:00,11.439764750568035
2011-04-29 02:00:00,9.024641447884497
2011-04-29 03:00:00,4.0302563216054015
2011-04-29 04:00:00,2.9315613648800047
2011-04-29 05:00:00,14.810410297127508
2011-04-29 06:00:00,85.57816055665772
2011-04-29 07:00:00,224.95126660620227
2011-04-29 08:00:00,338.34942839652814
2011-04-29 09:00:00,172.58767386560478
2011-04-29 10:00:00,113.36909830389173
2011-04-29 11:00:00,129.87130275848904
2011-04-29 12:00:00,155.34633654970645
2011-04-29 13:00:00,153.0892662153913
2011-04-29 14:00:00,142.17128691407
2011-04-29 15:00:00,136.95735478861366
2011-04-29 16:00:00,207.17389744496538
2011-04-29 17:00:00,370.34656725412094
2011-04-29 18:00:00,346.25247498671496
2011-04-29 19:00:00,206.70405470361902
2011-04-29 20:00:00,176.1650853725106
2011-04-29 21:00:00,124.99153387470716
2011-04-29 22:00:00,85.69592834824118
2011-04-29 23:00:00,54.03527616820441
2011-04-30 00:00:00,51.45809023885187
2011-04-30 01:00:00,45.587050981956665
2011-04-30 02:00:00,34.90301496578095
2011-04-30 03:00:00,15.933980388277288
2011-04-30 04:00:00,5.868990809887671
2011-04-30 05:00:00,5.268434176156715
2011-04-30 06:00:00,15.081355741840952
2011-04-30 07:00:00,26.165740701898365
2011-04-30 08:00:00,79.02882557346406
2011-04-30 09:00:00,112.19429457944331
2011-04-30 10:00:00,198.6811625136435
2011-04-30 11:00:00,219.50860534508925
2011-04-30 12:00:00,297.33326676725613
2011-04-30 13:00:00,326.61411884435523
2011-04-30 14:00:00,262.2018261385755
2011-04-30 15:00:00,312.69503811083604
2011-04-30 16:00:00,296.55681661520623
2011-04-30 17:00:00,287.4708401111479
2011-04-30 18:00:00,238.34809897841103
2011-04-30 19:00:00,206.86872040991855
2011-04-30 20:00:00,111.29078208693987
2011-04-30 21:00:00,99.59384948786031
2011-04-30 22:00:00,75.66257876515131
2011-04-30 23:00:00,57.20853781661452
2011-05-20 00:00:00,35.439192687979414
2011-05-20 01:00:00,16.89914864262246
2011-05-20 02:00:00,12.164403710323159
2011-05-20 03:00:00,5.464088913494316
2011-05-20 04:00:00,5.835491769992276
2011-05-20 05:00:00,20.83938697045123
2011-05-20 06:00:00,98.47917335636349
2011-05-20 07:00:00,318.000588819044
2011-05-20 08:00:00,421.6962170560942
2011-05-20 09:00:00,233.4794345693051
2011-05-20 10:00:00,147.8476312117874
2011-05-20 11:00:00,161.38672549138442
2011-05-20 12:00:00,194.98923116414514
2011-05-20 13:00:00,158.7815177304115
2011-05-20 14:00:00,179.11175037347817
2011-05-20 15:00:00,184.39538163386814
2011-05-20 16:00:00,294.11188303200214
2011-05-20 17:00:00,529.2613704764749
2011-05-20 18:00:00,544.1996418983614
2011-05-20 19:00:00,380.9780390396819
2011-05-20 20:00:00,273.5779848498136
2011-05-20 21:00:00,199.22326549581337
2011-05-20 22:00:00,160.72891847445285
2011-05-20 23:00:00,107.5198905947745
2011-05-21 00:00:00,113.8141391802169
2011-05-21 01:00:00,80.12022293220035
2011-05-21 02:00:00,64.1887243235923
2011-05-21 03:00:00,24.894835121321794
2011-05-21 04:00:00,9.703287076646298
2011-05-21 05:00:00,11.807177220698927
2011-05-21 06:00:00,22.490301907549483
2011-05-21 07:00:00,65.6751824878823
2011-05-21 08:00:00,120.02531218901012
2011-05-21 09:00:00,206.52669409699138
2011-05-21 10:00:00,275.09160063330563
2011-05-21 11:00:00,368.1737272725798
2011-05-21 12:00:00,409.3085438435239
2011-05-21 13:00:00,451.5216686674782
2011-05-21 14:00:00,406.0023838536562
2011-05-21 15:00:00,435.46046691572286
2011-05-21 16:00:00,422.86396875361476
2011-05-21 17:00:00,424.1046170397344
2011-05-21 18:00:00,340.02041009021025
2011-05-21 19:00:00,307.62997302276426
2011-05-21 20:00:00,235.61278500485804
2011-05-21 21:00:00,217.3492893049624
2011-05-21 22:00:00,156.8221663458166
2011-05-21 23:00:00,108.34457879456781
2011-05-22 00:00:00,98.78120798442278
2011-05-22 01:00:00,74.83736020097152
2011-05-22 02:00:00,69.01704541491493
2011-05-22 03:00:00,27.99963877944868
2011-05-22 04:00:00,8.712492431683785
2011-05-22 05:00:00,13.072843614374621
2011-05-22 06:00:00,20.18885738537215
2011-05-22 07:00:00,51.842277668070594
2011-05-22 08:00:00,130.2851819834071
2011-05-22 09:00:00,215.4334661058445
2011-05-22 10:00:00,286.5171047009184
2011-05-22 11:00:00,358.5144986424249
2011-05-22 12:00:00,377.7873218661779
2011-05-22 13:00:00,378.5931469836774
2011-05-22 14:00:00,266.0812645824453
2011-05-22 15:00:00,385.43881855072664
2011-05-22 16:00:00,388.0989579611501
2011-05-22 17:00:00,417.61540086739836
2011-05-22 18:00:00,370.6367610577212
2011-05-22 19:00:00,307.64774610503633
2011-05-22 20:00:00,248.12564772903914
2011-05-22 21:00:00,196.0476315340171
2011-05-22 22:00:00,146.28827793548572
2011-05-22 23:00:00,95.35127501958566
2011-05-23 00:00:00,32.04692737908729
2011-05-23 01:00:00,17.868477922344944
2011-05-23 02:00:00,7.187221924701388
2011-05-23 03:00:00,4.227887792730262
2011-05-23 04:00:00,5.417934420561271
2011-05-23 05:00:00,16.651023954220417
2011-05-23 06:00:00,74.02675518461174
2011-05-23 07:00:00,224.01003292602286
2011-05-23 08:00:00,433.2347906092148
2011-05-23 09:00:00,192.65518321453825
2011-05-23 10:00:00,146.73506173778813
2011-05-23 11:00:00,149.95395777650393
2011-05-23 12:00:00,187.89918561476546
2011-05-23 13:00:00,190.00892885538426
2011-05-23 14:00:00,169.35805231572127
2011-05-23 15:00:00,188.10369258282236
2011-05-23 16:00:00,276.86784788007026
2011-05-23 17:00:00,439.470885863874
2011-05-23 18:00:00,494.32455734141735
2011-05-23 19:00:00,414.6881085151443
2011-05-23 20:00:00,228.17461331520963
2011-05-23 21:00:00,152.93492511060447
2011-05-23 22:00:00,120.02312115179441
2011-05-23 23:00:00,80.4760020791776
2011-05-24 00:00:00,26.247016019267782
2011-05-24 01:00:00,14.381340662789018
2011-05-24 02:00:00,9.689064496253227
2011-05-24 03:00:00,5.202634164446323
2011-05-24 04:00:00,6.389451060094414
2011-05-24 05:00:00,15.896080877837512
2011-05-24 06:00:00,79.76866389184563
2011-05-24 07:00:00,262.9487981536821
2011-05-24 08:00:00,302.7480561540218
2011-05-24 09:00:00,239.5094054310181
2011-05-24 10:00:00,141.24005255497357
2011-05-24 11:00:00,160.33162065803762
2011-05-24 12:00:00,205.59922068698688
2011-05-24 13:00:00,206.87385797991698
2011-05-24 14:00:00,176.1528097919786
2011-05-24 15:00:00,170.0981739783814
2011-05-24 16:00:00,299.2317443118002
2011-05-24 17:00:00,575.7803326913422
2011-05-24 18:00:00,584.1347887350078
2011-05-24 19:00:00,414.9203334709514
2011-05-24 20:00:00,276.6941837654457
2011-05-24 21:00:00,188.54677436654646
2011-05-24 22:00:00,94.89103232033172
2011-05-24 23:00:00,124.36565836787898
2011-05-25 00:00:00,29.333702531194845
2011-05-25 01:00:00,14.572751920404343
2011-05-25 02:00:00,8.132063624967733
2011-05-25 03:00:00,6.164228199901831
2011-05-25 04:00:00,6.291325079964957
2011-05-25 05:00:00,21.52020496744613
2011-05-25 06:00:00,90.62012610212571
2011-05-25 07:00:00,372.7424409975849
2011-05-25 08:00:00,467.3160845014203
2011-05-25 09:00:00,215.12817130667722
2011-05-25 10:00:00,146.9031890630422
2011-05-25 11:00:00,155.00387021578553
2011-05-25 12:00:00,205.95905232848637
2011-05-25 13:00:00,212.2233763899247
2011-05-25 14:00:00,184.84051247119305
2011-05-25 15:00:00,193.40541416549203
2011-05-25 16:00:00,281.9619660888107
2011-05-25 17:00:00,554.5646857729403
2011-05-25 18:00:00,551.8326344138045
2011-05-25 19:00:00,416.0212252677819
2011-05-25 20:00:00,296.8122232342022
2011-05-25 21:00:00,213.46740340290225
2011-05-25 22:00:00,175.30083315263465
2011-05-25 23:00:00,128.02768883960465
2011-05-26 00:00:00,50.21547414023839
2011-05-26 01:00:00,20.948239081887397
2011-05-26 02:00:00,9.041254433726591
2011-05-26 03:00:00,5.584334904270993
2011-05-26 04:00:00,5.647324179410157
2011-05-26 05:00:00,18.887438692487624
2011-05-26 06:00:00,79.77662672253402
2011-05-26 07:00:00,198.48936957381108
2011-05-26 08:00:00,447.6254020257529
2011-05-26 09:00:00,249.22525927577055
2011-05-26 10:00:00,141.16860123680775
2011-05-26 11:00:00,174.64713085168898
2011-05-26 12:00:00,194.3273622385926
2011-05-26 13:00:00,189.66822501668014
2011-05-26 14:00:00,167.43304946111314
2011-05-26 15:00:00,177.46058457518953
2011-05-26 16:00:00,265.96464096404486
2011-05-26 17:00:00,512.4640215419736
2011-05-26 18:00:00,465.13301214226743
2011-05-26 19:00:00,337.71039771041615
2011-05-26 20:00:00,297.5054674610354
2011-05-26 21:00:00,210.52910542498697
2011-05-26 22:00:00,175.36301567633836
2011-05-26 23:00:00,107.33059410239024
2011-05-27 00:00:00,44.49313499432731
2011-05-27 01:00:00,14.440341735684292
2011-05-27 02:00:00,11.295016883189309
2011-05-27 03:00:00,5.073695917773173
2011-05-27 04:00:00,5.3947006060884775
2011-05-27 05:00:00,22.070541732401402
2011-05-27 06:00:00,130.15963157612742
2011-05-27 07:00:00,370.56218230048853
2011-05-27 08:00:00,487.81000553378783
2011-05-27 09:00:00,213.10521723905487
2011-05-27 10:00:00,132.89463775073963
2011-05-27 11:00:00,148.38908633219822
2011-05-27 12:00:00,188.08011346482692
2011-05-27 13:00:00,217.56678886757592
2011-05-27 14:00:00,185.31582319854135
2011-05-27 15:00:00,182.39545228484764
2011-05-27 16:00:00,275.3469684312878
2011-05-27 17:00:00,535.8149101844829
2011-05-27 18:00:00,508.97860010054285
2011-05-27 19:00:00,276.26079081966265
2011-05-27 20:00:00,224.26393976437126
2011-05-27 21:00:00,187.6845521563252
2011-05-27 22:00:00,166.99108939543012
2011-05-27 23:00:00,95.56598292561011
2011-05-28 00:00:00,103.06868226764593
2011-05-28 01:00:00,80.6176317648981
2011-05-28 02:00:00,65.57075611456023
2011-05-28 03:00:00,26.20175140030697
2011-05-28 04:00:00,8.222195543990345
2011-05-28 05:00:00,13.730754420098515
2011-05-28 06:00:00,25.396028854096283
2011-05-28 07:00:00,55.49842523302929
2011-05-28 08:00:00,128.21572552215
2011-05-28 09:00:00,228.2592942370373
2011-05-28 10:00:00,286.8742715563452
2011-05-28 11:00:00,344.9448737208291
2011-05-28 12:00:00,366.8248024321511
2011-05-28 13:00:00,398.4694633122415
2011-05-28 14:00:00,340.80476171970656
2011-05-28 15:00:00,388.0680319443546
2011-05-28 16:00:00,405.9547839593943
2011-05-28 17:00:00,418.2237580838724
2011-05-28 18:00:00,363.8694145751246
2011-05-28 19:00:00,296.7430064856845
2011-05-28 20:00:00,255.42968336058846
2011-05-28 21:00:00,205.81198717622638
2011-05-28 22:00:00,167.7604956875196
2011-05-28 23:00:00,115.12208105834951
2011-05-29 00:00:00,112.94676775664912
2011-05-29 01:00:00,88.83273163047235
2011-05-29 02:00:00,68.30600913604286
2011-05-29 03:00:00,31.489276053829904
2011-05-29 04:00:00,9.370532786372907
2011-05-29 05:00:00,15.459660751811931
2011-05-29 06:00:00,23.445953499001444
2011-05-29 07:00:00,47.52488630714463
2011-05-29 08:00:00,110.71049760070534
2011-05-29 09:00:00,123.51309117426344
2011-05-29 10:00:00,214.1459661057652
2011-05-29 11:00:00,245.46337487269048
2011-05-29 12:00:00,324.63842077769084
2011-05-29 13:00:00,390.08406744666894
2011-05-29 14:00:00,356.9980895742999
2011-05-29 15:00:00,371.7402941657016
2011-05-29 16:00:00,376.90006036285297
2011-05-29 17:00:00,344.8388117188144
2011-05-29 18:00:00,303.716560420288
2011-05-29 19:00:00,330.77108146484153
2011-05-29 20:00:00,235.3226389960702
2011-05-29 21:00:00,189.95298856336802
2011-05-29 22:00:00,133.2246226318428
2011-05-29 23:00:00,113.16891270266122
2011-05-30 00:00:00,125.00537338193608
2011-05-30 01:00:00,112.59259830041735
2011-05-30 02:00:00,79.83578742617759
2011-05-30 03:00:00,33.823533206737245
2011-05-30 04:00:00,15.654916933371059
2011-05-30 05:00:00,19.697584386193146
2011-05-30 06:00:00,28.668507036665105
2011-05-30 07:00:00,62.1784403175293
2011-05-30 08:00:00,132.00250488689713
2011-05-30 09:00:00,241.14575152356485
2011-05-30 10:00:00,285.02930133855097
2011-05-30 11:00:00,291.3339089759917
2011-05-30 12:00:00,350.10844795534786
2011-05-30 13:00:00,324.05150758373554
2011-05-30 14:00:00,320.754294745638
2011-05-30 15:00:00,378.6847754146855
2011-05-30 16:00:00,357.15840722964293
2011-05-30 17:00:00,405.13878770611154
2011-05-30 18:00:00,364.5127141074447
2011-05-30 19:00:00,234.49663834017574
2011-05-30 20:00:00,223.75695820232878
2011-05-30 21:00:00,319.55632987767444
2011-05-30 22:00:00,229.625202737303
2011-05-30 23:00:00,145.11956950627794
2011-05-31 00:00:00,39.133884442393295
2011-05-31 01:00:00,18.946844184027427
2011-05-31 02:00:00,11.295295033079304
2011-05-31 03:00:00,5.464151987714302
2011-05-31 04:00:00,6.0389080802499056
2011-05-31 05:00:00,22.76380420867818
2011-05-31 06:00:00,117.22697010369781
2011-05-31 07:00:00,324.4070759250357
2011-05-31 08:00:00,392.42934391894744
2011-05-31 09:00:00,194.23472998142438
2011-05-31 10:00:00,128.8504681957098
2011-05-31 11:00:00,135.7040494758603
2011-05-31 12:00:00,178.2404329781726
2011-05-31 13:00:00,169.26214538915062
2011-05-31 14:00:00,147.9247061281864
2011-05-31 15:00:00,158.53872886784157
2011-05-31 16:00:00,250.70025150854323
2011-05-31 17:00:00,509.5715521813723
2011-05-31 18:00:00,475.8493707007051
2011-05-31 19:00:00,393.1283466581168
2011-05-31 20:00:00,286.2592913169379
2011-05-31 21:00:00,226.8920743593871
2011-05-31 22:00:00,181.26636729910533
2011-05-31 23:00:00,100.70383758367491
2011-06-20 00:00:00,40.37996139090484
2011-06-20 01:00:00,14.509984561319893
2011-06-20 02:00:00,7.620141802105595
2011-06-20 03:00:00,3.3637169013945725
2011-06-20 04:00:00,4.715536236578297
2011-06-20 05:00:00,19.25304746155068
2011-06-20 06:00:00,87.20571442241726
2011-06-20 07:00:00,131.16070290779626
2011-06-20 08:00:00,241.01775704331925
2011-06-20 09:00:00,207.31471554158077
2011-06-20 10:00:00,125.44738689107486
2011-06-20 11:00:00,138.70031243491283
2011-06-20 12:00:00,191.95874730417938
2011-06-20 13:00:00,206.76027627469867
2011-06-20 14:00:00,192.18646968296258
2011-06-20 15:00:00,194.82761918394277
2011-06-20 16:00:00,305.1804082136624
2011-06-20 17:00:00,559.48105495452
2011-06-20 18:00:00,552.2182563524086
2011-06-20 19:00:00,395.7444738995269
2011-06-20 20:00:00,279.1870039125763
2011-06-20 21:00:00,196.1987744358218
2011-06-20 22:00:00,151.760211564323
2011-06-20 23:00:00,90.709003598989
2011-06-21 00:00:00,42.63291695107389
2011-06-21 01:00:00,16.359664669344177
2011-06-21 02:00:00,6.06843481294805
2011-06-21 03:00:00,4.10397049656665
2011-06-21 04:00:00,5.118339586962491
2011-06-21 05:00:00,20.159067084809866
2011-06-21 06:00:00,76.70333379575186
2011-06-21 07:00:00,130.95602045300555
2011-06-21 08:00:00,333.6509396706845
2011-06-21 09:00:00,156.9341475174865
2011-06-21 10:00:00,116.0255087219984
2011-06-21 11:00:00,143.12076691779208
2011-06-21 12:00:00,191.13099360481033
2011-06-21 13:00:00,205.4568612565157
2011-06-21 14:00:00,189.94257648714446
2011-06-21 15:00:00,187.40566712643377
2011-06-21 16:00:00,293.05325921433496
2011-06-21 17:00:00,523.5481905734913
2011-06-21 18:00:00,515.3155785892458
2011-06-21 19:00:00,369.90834760774317
2011-06-21 20:00:00,241.72922771373797
2011-06-21 21:00:00,204.99699660916474
2011-06-21 22:00:00,149.39458609945714
2011-06-21 23:00:00,101.21645161091658
2011-06-22 00:00:00,41.87727342856689
2011-06-22 01:00:00,19.351911477581005
2011-06-22 02:00:00,10.146428548775301
2011-06-22 03:00:00,6.373134559960609
2011-06-22 04:00:00,5.752161236999132
2011-06-22 05:00:00,22.520862760449077
2011-06-22 06:00:00,105.64947011191431
2011-06-22 07:00:00,299.4134012196056
2011-06-22 08:00:00,453.4759221678221
2011-06-22 09:00:00,210.7888570499703
2011-06-22 10:00:00,135.88446640343236
2011-06-22 11:00:00,162.6927562165792
2011-06-22 12:00:00,198.85256067224614
2011-06-22 13:00:00,180.79929681432026
2011-06-22 14:00:00,167.83662942426974
2011-06-22 15:00:00,173.65398377778837
2011-06-22 16:00:00,262.46245286385
2011-06-22 17:00:00,551.7611486631814
2011-06-22 18:00:00,514.2299859049411
2011-06-22 19:00:00,370.43442745026374
2011-06-22 20:00:00,277.94198410669736
2011-06-22 21:00:00,183.3866822009368
2011-06-22 22:00:00,143.44542050242538
2011-06-22 23:00:00,90.04125299945703
2011-06-23 00:00:00,37.10604983783235
2011-06-23 01:00:00,17.04621881696529
2011-06-23 02:00:00,10.586489077458804
2011-06-23 03:00:00,4.428328216512971
2011-06-23 04:00:00,5.764586480482603
2011-06-23 05:00:00,24.61145255146371
2011-06-23 06:00:00,121.4257840203881
2011-06-23 07:00:00,313.5501986455102
2011-06-23 08:00:00,447.0125136478242
2011-06-23 09:00:00,238.51680676538052
2011-06-23 10:00:00,150.13643509825354
2011-06-23 11:00:00,154.91598131314768
2011-06-23 12:00:00,203.74641687210644
2011-06-23 13:00:00,188.88160038274944
2011-06-23 14:00:00,185.06322197447588
2011-06-23 15:00:00,184.578961827096
2011-06-23 16:00:00,280.816609149654
2011-06-23 17:00:00,456.1374149058623
2011-06-23 18:00:00,479.93614007456205
2011-06-23 19:00:00,359.3521128700671
2011-06-23 20:00:00,280.2350434835986
2011-06-23 21:00:00,204.99699660916474
2011-06-23 22:00:00,152.22703364103137
2011-06-23 23:00:00,102.38960058831843
2011-06-24 00:00:00,38.14336693082484
2011-06-24 01:00:00,15.459119400177862
2011-06-24 02:00:00,7.990249220664717
2011-06-24 03:00:00,6.017750359021095
2011-06-24 04:00:00,5.970700373901695
2011-06-24 05:00:00,22.92890742106595
2011-06-24 06:00:00,103.8787081564235
2011-06-24 07:00:00,273.44324238328585
2011-06-24 08:00:00,464.21029113155134
2011-06-24 09:00:00,212.24446251684702
2011-06-24 10:00:00,124.11726648533795
2011-06-24 11:00:00,157.27565095802296
2011-06-24 12:00:00,196.59813706151044
2011-06-24 13:00:00,195.8238402108107
2011-06-24 14:00:00,180.0437414390036
2011-06-24 15:00:00,187.37468457195877
2011-06-24 16:00:00,290.2105599638937
2011-06-24 17:00:00,569.0574414236
2011-06-24 18:00:00,500.8150774204857
2011-06-24 19:00:00,374.5536176888708
2011-06-24 20:00:00,287.6288591569304
2011-06-24 21:00:00,210.40579550431136
2011-06-24 22:00:00,169.60823465609678
2011-06-24 23:00:00,106.98375402236576
2011-06-25 00:00:00,139.81304465146712
2011-06-25 01:00:00,96.531984560915
2011-06-25 02:00:00,74.54458444196743
2011-06-25 03:00:00,31.370279375892764
2011-06-25 04:00:00,8.073288558943494
2011-06-25 05:00:00,9.179423984074207
2011-06-25 06:00:00,29.987457026750914
2011-06-25 07:00:00,57.0098794679104
2011-06-25 08:00:00,154.66781698050846
2011-06-25 09:00:00,230.25087523698576
2011-06-25 10:00:00,314.34717266107157
2011-06-25 11:00:00,378.63140796127453
2011-06-25 12:00:00,473.2685934039216
2011-06-25 13:00:00,473.32709235062094
2011-06-25 14:00:00,484.78598352246394
2011-06-25 15:00:00,394.33393710914333
2011-06-25 16:00:00,432.3637152825403
2011-06-25 17:00:00,428.46265708167226
2011-06-25 18:00:00,355.10441363221804
2011-06-25 19:00:00,288.9845698743665
2011-06-25 20:00:00,270.18217856218473
2011-06-25 21:00:00,224.63388450671937
2011-06-25 22:00:00,191.9062495303592
2011-06-25 23:00:00,110.83393766607384
2011-06-26 00:00:00,130.05871788028273
2011-06-26 01:00:00,94.45429973592579
2011-06-26 02:00:00,64.4869125263121
2011-06-26 03:00:00,32.710020061308974
2011-06-26 04:00:00,9.57472020852459
2011-06-26 05:00:00,9.259525977938724
2011-06-26 06:00:00,26.48149108732739
2011-06-26 07:00:00,51.531011777203766
2011-06-26 08:00:00,140.72723421464894
2011-06-26 09:00:00,219.94645487905538
2011-06-26 10:00:00,289.95464749043913
2011-06-26 11:00:00,393.0539293314825
2011-06-26 12:00:00,448.12459302041924
2011-06-26 13:00:00,417.76188689428
2011-06-26 14:00:00,408.708795777208
2011-06-26 15:00:00,404.4944265443737
2011-06-26 16:00:00,421.9204700264303
2011-06-26 17:00:00,425.6382093134489
2011-06-26 18:00:00,336.11996092270135
2011-06-26 19:00:00,298.29811039703867
2011-06-26 20:00:00,255.24898304173655
2011-06-26 21:00:00,230.20964040496727
2011-06-26 22:00:00,193.55842914803935
2011-06-26 23:00:00,131.84925558204364
2011-06-27 00:00:00,35.286000612515274
2011-06-27 01:00:00,15.663123873306969
2011-06-27 02:00:00,9.688005178278141
2011-06-27 03:00:00,5.091518559128043
2011-06-27 04:00:00,5.170225315539149
2011-06-27 05:00:00,21.49356897829432
2011-06-27 06:00:00,107.5820517493061
2011-06-27 07:00:00,298.31573260744193
2011-06-27 08:00:00,463.1199296459936
2011-06-27 09:00:00,212.23368893077713
2011-06-27 10:00:00,144.77535911501926
2011-06-27 11:00:00,164.69004485342896
2011-06-27 12:00:00,204.68541055101687
2011-06-27 13:00:00,191.65418872010312
2011-06-27 14:00:00,180.97038173946606
2011-06-27 15:00:00,186.67101947699655
2011-06-27 16:00:00,300.9743331964385
2011-06-27 17:00:00,564.0414586749955
2011-06-27 18:00:00,508.57937401984054
2011-06-27 19:00:00,413.58739509946514
2011-06-27 20:00:00,287.76518996657427
2011-06-27 21:00:00,207.23923352550975
2011-06-27 22:00:00,167.6084871943998
2011-06-27 23:00:00,108.70702243268092
2011-06-28 00:00:00,36.946139922029964
2011-06-28 01:00:00,19.4019138741803
2011-06-28 02:00:00,9.76963404290212
2011-06-28 03:00:00,5.769305842288787
2011-06-28 04:00:00,6.931974407764232
2011-06-28 05:00:00,26.91902177175255
2011-06-28 06:00:00,105.24229658286546
2011-06-28 07:00:00,302.1077276448901
2011-06-28 08:00:00,452.3247698635401
2011-06-28 09:00:00,223.7517874769432
2011-06-28 10:00:00,131.6423824741939
2011-06-28 11:00:00,155.490249886549
2011-06-28 12:00:00,190.68426727461065
2011-06-28 13:00:00,184.22907325114116
2011-06-28 14:00:00,155.9667484375941
2011-06-28 15:00:00,157.20649577333086
2011-06-28 16:00:00,260.195189907019
2011-06-28 17:00:00,504.7399238298057
2011-06-28 18:00:00,422.530998419928
2011-06-28 19:00:00,363.3711318518383
2011-06-28 20:00:00,286.8243670679699
2011-06-28 21:00:00,208.16787612473027
2011-06-28 22:00:00,159.11105991524968
2011-06-28 23:00:00,103.94590894294036
2011-06-29 00:00:00,31.832547878020186
2011-06-29 01:00:00,15.259249745773364
2011-06-29 02:00:00,7.688456469460796
2011-06-29 03:00:00,5.576853653905885
2011-06-29 04:00:00,5.943684211152741
2011-06-29 05:00:00,23.351819801480655
2011-06-29 06:00:00,123.13912381144593
2011-06-29 07:00:00,310.80058884592336
2011-06-29 08:00:00,411.02866602615114
2011-06-29 09:00:00,210.74493235937297
2011-06-29 10:00:00,132.28707463072672
2011-06-29 11:00:00,163.38183558174677
2011-06-29 12:00:00,210.7343218211709
2011-06-29 13:00:00,192.17104589919754
2011-06-29 14:00:00,181.05638288392828
2011-06-29 15:00:00,197.28655233629956
2011-06-29 16:00:00,289.4975249407033
2011-06-29 17:00:00,543.9562696712627
2011-06-29 18:00:00,465.9667441592952
2011-06-29 19:00:00,358.62669440519386
2011-06-29 20:00:00,280.67123412780796
2011-06-29 21:00:00,210.53939454544405
2011-06-29 22:00:00,166.12077307229333
2011-06-29 23:00:00,109.58724769233714
2011-06-30 00:00:00,43.711536105844885
2011-06-30 01:00:00,21.37206121278423
2011-06-30 02:00:00,10.358388348642386
2011-06-30 03:00:00,6.629945143554058
2011-06-30 04:00:00,5.7531601575644435
2011-06-30 05:00:00,26.56392602876085
2011-06-30 06:00:00,122.47067484590875
2011-06-30 07:00:00,310.4325258947114
2011-06-30 08:00:00,406.1091721645539
2011-06-30 09:00:00,214.09868443203396
2011-06-30 10:00:00,138.9411855218246
2011-06-30 11:00:00,171.83636429818836
2011-06-30 12:00:00,208.77564869561377
2011-06-30 13:00:00,207.28623695722857
2011-06-30 14:00:00,182.97252532777952
2011-06-30 15:00:00,213.40359048168682
2011-06-30 16:00:00,307.17744492935867
2011-06-30 17:00:00,537.3573142508927
2011-06-30 18:00:00,497.55957605022354
2011-06-30 19:00:00,374.9511192281757
2011-06-30 20:00:00,289.49309224985655
2011-06-30 21:00:00,211.44977175074197
2011-06-30 22:00:00,169.55938575295332
2011-06-30 23:00:00,110.76110784840624
2011-07-20 00:00:00,37.193397258265314
2011-07-20 01:00:00,16.2510065256152
2011-07-20 02:00:00,6.862926137690792
2011-07-20 03:00:00,4.348762722844467
2011-07-20 04:00:00,6.366760465686686
2011-07-20 05:00:00,23.875620102295503
2011-07-20 06:00:00,97.13429201475284
2011-07-20 07:00:00,271.76328745346075
2011-07-20 08:00:00,452.11776593219116
2011-07-20 09:00:00,227.977031812709
2011-07-20 10:00:00,137.29107451689381
2011-07-20 11:00:00,150.41941031413518
2011-07-20 12:00:00,181.72664015345782
2011-07-20 13:00:00,176.72392064647642
2011-07-20 14:00:00,147.6972134452742
2011-07-20 15:00:00,151.82791763983056
2011-07-20 16:00:00,265.9209317953258
2011-07-20 17:00:00,501.09927252833756
2011-07-20 18:00:00,503.75014406603714
2011-07-20 19:00:00,318.84973123348294
2011-07-20 20:00:00,240.65640229789614
2011-07-20 21:00:00,195.90350388745205
2011-07-20 22:00:00,165.36626642466007
2011-07-20 23:00:00,100.78173927246102
2011-07-21 00:00:00,37.75162640146363
2011-07-21 01:00:00,14.876124194513284
2011-07-21 02:00:00,6.976474999973722
2011-07-21 03:00:00,4.705312018354969
2011-07-21 04:00:00,5.708617886250388
2011-07-21 05:00:00,22.127890888692363
2011-07-21 06:00:00,96.54783009261412
2011-07-21 07:00:00,277.35145232650365
2011-07-21 08:00:00,464.0434914041827
2011-07-21 09:00:00,197.88412988924958
2011-07-21 10:00:00,118.83230481391183
2011-07-21 11:00:00,135.79572290788735
2011-07-21 12:00:00,151.89569910447034
2011-07-21 13:00:00,151.68255147281474
2011-07-21 14:00:00,137.94078303530534
2011-07-21 15:00:00,145.39982196167918
2011-07-21 16:00:00,224.35448671847675
2011-07-21 17:00:00,403.05851177876565
2011-07-21 18:00:00,395.3710758779106
2011-07-21 19:00:00,291.7066165534684
2011-07-21 20:00:00,242.21509913099771
2011-07-21 21:00:00,166.8197641176523
2011-07-21 22:00:00,145.29362612140463
2011-07-21 23:00:00,87.6513121524371
2011-07-22 00:00:00,39.16329748335417
2011-07-22 01:00:00,17.21910632111693
2011-07-22 02:00:00,6.982646742756525
2011-07-22 03:00:00,4.220647005325653
2011-07-22 04:00:00,6.403185531622687
2011-07-22 05:00:00,23.924678901436543
2011-07-22 06:00:00,120.01692093283394
2011-07-22 07:00:00,269.20211102828074
2011-07-22 08:00:00,351.02598722839383
2011-07-22 09:00:00,163.13834725029864
2011-07-22 10:00:00,107.96392888550196
2011-07-22 11:00:00,124.20664096261694
2011-07-22 12:00:00,143.50512929808974
2011-07-22 13:00:00,139.9310161514954
2011-07-22 14:00:00,135.87125632395907
2011-07-22 15:00:00,137.255445359953
2011-07-22 16:00:00,228.34707358619454
2011-07-22 17:00:00,437.9008208097356
2011-07-22 18:00:00,427.16656674056605
2011-07-22 19:00:00,335.07762795372156
2011-07-22 20:00:00,254.8574317179508
2011-07-22 21:00:00,193.9953814474531
2011-07-22 22:00:00,143.76382602173797
2011-07-22 23:00:00,93.51143202884728
2011-07-23 00:00:00,107.28123555056446
2011-07-23 01:00:00,88.6434320055394
2011-07-23 02:00:00,67.38332629568413
2011-07-23 03:00:00,26.241625320083482
2011-07-23 04:00:00,8.40986989486601
2011-07-23 05:00:00,9.125137256623299
2011-07-23 06:00:00,33.7450723510651
2011-07-23 07:00:00,65.98980034563425
2011-07-23 08:00:00,140.61064818969592
2011-07-23 09:00:00,197.42948877018776
2011-07-23 10:00:00,264.1932583837826
2011-07-23 11:00:00,287.3587729439031
2011-07-23 12:00:00,275.466070782249
2011-07-23 13:00:00,265.4664774849887
2011-07-23 14:00:00,245.12489409728644
2011-07-23 15:00:00,253.8248444515321
2011-07-23 16:00:00,270.174839396746
2011-07-23 17:00:00,298.1855705292718
2011-07-23 18:00:00,281.64000144676646
2011-07-23 19:00:00,294.32375156891004
2011-07-23 20:00:00,254.43622274427236
2011-07-23 21:00:00,217.8487660764322
2011-07-23 22:00:00,178.18882761288475
2011-07-23 23:00:00,110.75683158597398
2011-07-24 00:00:00,112.07978177784277
2011-07-24 01:00:00,73.41274643385296
2011-07-24 02:00:00,60.36038059217682
2011-07-24 03:00:00,27.491022653559796
2011-07-24 04:00:00,8.185500629100158
2011-07-24 05:00:00,8.348823216822398
2011-07-24 06:00:00,27.232795334588314
2011-07-24 07:00:00,56.221718847788175
2011-07-24 08:00:00,129.5951799327054
2011-07-24 09:00:00,194.3900247409763
2011-07-24 10:00:00,237.6298819313795
2011-07-24 11:00:00,317.2135840172489
2011-07-24 12:00:00,295.34386292176737
2011-07-24 13:00:00,354.3641053069631
2011-07-24 14:00:00,361.08331865814307
2011-07-24 15:00:00,284.2012024607433
2011-07-24 16:00:00,298.22832182182526
2011-07-24 17:00:00,320.3466510240433
2011-07-24 18:00:00,298.9130510810678
2011-07-24 19:00:00,280.0985601229239
2011-07-24 20:00:00,251.5602269741118
2011-07-24 21:00:00,215.55381981170763
2011-07-24 22:00:00,167.81798290102478
2011-07-24 23:00:00,103.24105621228709
2011-07-25 00:00:00,41.04719667237586
2011-07-25 01:00:00,15.69829363512817
2011-07-25 02:00:00,7.556890240053917
2011-07-25 03:00:00,4.501968701704615
2011-07-25 04:00:00,5.839289203441536
2011-07-25 05:00:00,22.35621705126643
2011-07-25 06:00:00,96.10983749715692
2011-07-25 07:00:00,306.7324098671045
2011-07-25 08:00:00,480.39119712837555
2011-07-25 09:00:00,190.03589984169955
2011-07-25 10:00:00,127.1047211294653
2011-07-25 11:00:00,145.8639978732105
2011-07-25 12:00:00,180.3200362740111
2011-07-25 13:00:00,171.84317185558723
2011-07-25 14:00:00,162.06411707691632
2011-07-25 15:00:00,147.1981751329577
2011-07-25 16:00:00,216.2158000875175
2011-07-25 17:00:00,508.1217974998697
2011-07-25 18:00:00,500.7233545469453
2011-07-25 19:00:00,383.7857143442602
2011-07-25 20:00:00,280.65827896282593
2011-07-25 21:00:00,172.40840697996182
2011-07-25 22:00:00,141.14492663598128
2011-07-25 23:00:00,90.65906667537354
2011-07-26 00:00:00,38.61498459321845
2011-07-26 01:00:00,17.458119813745675
2011-07-26 02:00:00,9.093559428883617
2011-07-26 03:00:00,4.942755586216329
2011-07-26 04:00:00,6.19979366902115
2011-07-26 05:00:00,22.281104269816993
2011-07-26 06:00:00,103.18184323020908
2011-07-26 07:00:00,315.00726756060106
2011-07-26 08:00:00,405.2350706978904
2011-07-26 09:00:00,212.11928031699065
2011-07-26 10:00:00,128.07215770195876
2011-07-26 11:00:00,161.91091166897345
2011-07-26 12:00:00,196.47084042500572
2011-07-26 13:00:00,183.9517797052822
2011-07-26 14:00:00,163.8914298853154
2011-07-26 15:00:00,170.4163061296825
2011-07-26 16:00:00,271.2912787100731
2011-07-26 17:00:00,486.32055258450094
2011-07-26 18:00:00,472.3582669824866
2011-07-26 19:00:00,341.2250145882739
2011-07-26 20:00:00,298.9014619881945
2011-07-26 21:00:00,210.83853862158276
2011-07-26 22:00:00,168.78147425537387
2011-07-26 23:00:00,99.4426245141597
2011-07-27 00:00:00,45.1411057820679
2011-07-27 01:00:00,19.720221049335695
2011-07-27 02:00:00,11.84940424012605
2011-07-27 03:00:00,4.684938478549896
2011-07-27 04:00:00,6.189792337309603
2011-07-27 05:00:00,28.51931605567639
2011-07-27 06:00:00,121.29985290570335
2011-07-27 07:00:00,308.97585049773664
2011-07-27 08:00:00,415.36210238380056
2011-07-27 09:00:00,214.5750621523325
2011-07-27 10:00:00,130.8734606912887
2011-07-27 11:00:00,163.40586498940928
2011-07-27 12:00:00,195.86913229146484
2011-07-27 13:00:00,185.1929469483256
2011-07-27 14:00:00,177.58362588318235
2011-07-27 15:00:00,186.37969641283723
2011-07-27 16:00:00,301.0501890619012
2011-07-27 17:00:00,547.5767385944638
2011-07-27 18:00:00,494.1589828389703
2011-07-27 19:00:00,365.9875146918832
2011-07-27 20:00:00,303.8662741094217
2011-07-27 21:00:00,220.36378868633443
2011-07-27 22:00:00,168.27993612134716
2011-07-27 23:00:00,103.75155855721232
2011-07-28 00:00:00,49.22232056524706
2011-07-28 01:00:00,20.62441796186791
2011-07-28 02:00:00,12.919400211042294
2011-07-28 03:00:00,4.665761250345033
2011-07-28 04:00:00,5.952881131504001
2011-07-28 05:00:00,27.06236502387033
2011-07-28 06:00:00,135.47739988908614
2011-07-28 07:00:00,333.1825127611905
2011-07-28 08:00:00,412.0620384865335
2011-07-28 09:00:00,205.4302586503931
2011-07-28 10:00:00,123.02735566317236
2011-07-28 11:00:00,141.25502128510666
2011-07-28 12:00:00,179.82730434465148
2011-07-28 13:00:00,167.0115342866282
2011-07-28 14:00:00,165.30662641027985
2011-07-28 15:00:00,155.024772007159
2011-07-28 16:00:00,271.5541419676354
2011-07-28 17:00:00,525.7561659798287
2011-07-28 18:00:00,514.5230205467115
2011-07-28 19:00:00,392.781733994191
2011-07-28 20:00:00,290.5478663134946
2011-07-28 21:00:00,200.92093762453828
2011-07-28 22:00:00,166.19335971809656
2011-07-28 23:00:00,99.21364011943852
2011-07-29 00:00:00,39.28036568365192
2011-07-29 01:00:00,17.236820286650556
2011-07-29 02:00:00,7.053133609710709
2011-07-29 03:00:00,4.501968701704615
2011-07-29 04:00:00,5.747024346711309
2011-07-29 05:00:00,22.90531502918121
2011-07-29 06:00:00,98.07861186478463
2011-07-29 07:00:00,304.35666184147715
2011-07-29 08:00:00,462.587478106675
2011-07-29 09:00:00,177.88759942456633
2011-07-29 10:00:00,103.82037877775971
2011-07-29 11:00:00,126.65582304641507
2011-07-29 12:00:00,148.63319240469718
2011-07-29 13:00:00,148.760278907394
2011-07-29 14:00:00,136.83682772452877
2011-07-29 15:00:00,145.90234888568844
2011-07-29 16:00:00,222.15581135353278
2011-07-29 17:00:00,399.3953172902391
2011-07-29 18:00:00,369.6113521338604
2011-07-29 19:00:00,300.45195377405446
2011-07-29 20:00:00,248.79385002319424
2011-07-29 21:00:00,208.1083113638319
2011-07-29 22:00:00,158.71445196405614
2011-07-29 23:00:00,94.73797414330257
2011-07-30 00:00:00,134.9090239037845
2011-07-30 01:00:00,93.51709697299444
2011-07-30 02:00:00,78.54275305377224
2011-07-30 03:00:00,29.708359764415405
2011-07-30 04:00:00,8.340796949940714
2011-07-30 05:00:00,9.3673003387245
2011-07-30 06:00:00,26.40362025361443
2011-07-30 07:00:00,64.21286471970184
2011-07-30 08:00:00,137.6087380498305
2011-07-30 09:00:00,221.68442446783007
2011-07-30 10:00:00,283.5582314842058
2011-07-30 11:00:00,351.2706020461802
2011-07-30 12:00:00,400.7065229007717
2011-07-30 13:00:00,345.07318153534766
2011-07-30 14:00:00,319.08359514013796
2011-07-30 15:00:00,317.43180100189807
2011-07-30 16:00:00,328.5211463252711
2011-07-30 17:00:00,334.88478586972184
2011-07-30 18:00:00,310.5958384982904
2011-07-30 19:00:00,326.9342305210692
2011-07-30 20:00:00,275.2463273043813
2011-07-30 21:00:00,222.77752483049787
2011-07-30 22:00:00,189.18427458717235
2011-07-30 23:00:00,123.40727818001488
2011-07-31 00:00:00,132.98115078888662
2011-07-31 01:00:00,77.90485593093179
2011-07-31 02:00:00,57.941869323845665
2011-07-31 03:00:00,25.58541437949289
2011-07-31 04:00:00,8.399624372943853
2011-07-31 05:00:00,9.492631575306355
2011-07-31 06:00:00,24.65322926905572
2011-07-31 07:00:00,51.53787774894741
2011-07-31 08:00:00,153.93827821318098
2011-07-31 09:00:00,201.44463716900916
2011-07-31 10:00:00,284.87718949277024
2011-07-31 11:00:00,321.7351986547047
2011-07-31 12:00:00,352.97171251041163
2011-07-31 13:00:00,360.75177312280954
2011-07-31 14:00:00,344.04269193931003
2011-07-31 15:00:00,370.3207197346532
2011-07-31 16:00:00,334.54260611245195
2011-07-31 17:00:00,333.93497640321374
2011-07-31 18:00:00,310.214719187611
2011-07-31 19:00:00,286.6611693398474
2011-07-31 20:00:00,263.99367083099065
2011-07-31 21:00:00,217.32325525877357
2011-07-31 22:00:00,156.7385486077409
2011-07-31 23:00:00,106.89674609047874
2011-08-20 00:00:00,79.67666273958534
2011-08-20 01:00:00,74.01979381757113
2011-08-20 02:00:00,52.83446439085202
2011-08-20 03:00:00,25.007743346805494
2011-08-20 04:00:00,6.917922267661505
2011-08-20 05:00:00,8.489928566557378
2011-08-20 06:00:00,16.4983997314324
2011-08-20 07:00:00,42.15651385865852
2011-08-20 08:00:00,116.82025658837802
2011-08-20 09:00:00,207.06406814834483
2011-08-20 10:00:00,269.5290671301028
2011-08-20 11:00:00,328.0918236145948
2011-08-20 12:00:00,375.1947747408798
2011-08-20 13:00:00,371.61370567095
2011-08-20 14:00:00,362.0034842061503
2011-08-20 15:00:00,362.8043665896034
2011-08-20 16:00:00,369.51907077540807
2011-08-20 17:00:00,379.1995355455876
2011-08-20 18:00:00,360.452647758459
2011-08-20 19:00:00,297.9803017339236
2011-08-20 20:00:00,252.65691263208333
2011-08-20 21:00:00,204.28621031073203
2011-08-20 22:00:00,150.79803138891808
2011-08-20 23:00:00,103.49751369119438
2011-08-21 00:00:00,109.30991310020111
2011-08-21 01:00:00,74.0015132019059
2011-08-21 02:00:00,55.80211019492635
2011-08-21 03:00:00,30.14510478470313
2011-08-21 04:00:00,7.242661902674065
2011-08-21 05:00:00,8.1255086429246
2011-08-21 06:00:00,18.10581054578442
2011-08-21 07:00:00,43.686396464297886
2011-08-21 08:00:00,108.7035176565024
2011-08-21 09:00:00,189.9571746537821
2011-08-21 10:00:00,240.9200250019335
2011-08-21 11:00:00,302.9392771707656
2011-08-21 12:00:00,374.13162762680327
2011-08-21 13:00:00,384.03729617104386
2011-08-21 14:00:00,241.76637998736828
2011-08-21 15:00:00,256.16665005301996
2011-08-21 16:00:00,314.2364297186719
2011-08-21 17:00:00,263.35909549551934
2011-08-21 18:00:00,255.24336557943644
2011-08-21 19:00:00,301.95019367327666
2011-08-21 20:00:00,205.52397915121867
2011-08-21 21:00:00,173.38028861369042
2011-08-21 22:00:00,138.2009851212728
2011-08-21 23:00:00,105.74110991067259
2011-08-22 00:00:00,36.71983863724331
2011-08-22 01:00:00,17.87253568671037
2011-08-22 02:00:00,8.886410107047828
2011-08-22 03:00:00,3.8754223517970816
2011-08-22 04:00:00,5.283147159987136
2011-08-22 05:00:00,24.030579754989557
2011-08-22 06:00:00,120.42092918746633
2011-08-22 07:00:00,323.56510345996185
2011-08-22 08:00:00,415.30030272541984
2011-08-22 09:00:00,210.3177841019457
2011-08-22 10:00:00,139.52190841378794
2011-08-22 11:00:00,162.94861146752476
2011-08-22 12:00:00,206.62045787302546
2011-08-22 13:00:00,185.84816481381264
2011-08-22 14:00:00,184.00918051525534
2011-08-22 15:00:00,200.77198352448733
2011-08-22 16:00:00,295.80192180213214
2011-08-22 17:00:00,536.0675002701174
2011-08-22 18:00:00,476.943911716012
2011-08-22 19:00:00,356.8305688467656
2011-08-22 20:00:00,287.37218677677987
2011-08-22 21:00:00,209.89359631875877
2011-08-22 22:00:00,153.39079941514214
2011-08-22 23:00:00,98.98666370282983
2011-08-23 00:00:00,40.00498174363029
2011-08-23 01:00:00,16.84385758170223
2011-08-23 02:00:00,9.604928450416478
2011-08-23 03:00:00,3.837814318550702
2011-08-23 04:00:00,4.865781893693327
2011-08-23 05:00:00,22.982847692057476
2011-08-23 06:00:00,118.2685292584277
2011-08-23 07:00:00,280.283547062157
2011-08-23 08:00:00,361.6818897668352
2011-08-23 09:00:00,215.20985176702476
2011-08-23 10:00:00,143.43853848207644
2011-08-23 11:00:00,166.838326379914
2011-08-23 12:00:00,209.07884105025258
2011-08-23 13:00:00,209.9061150179398
2011-08-23 14:00:00,186.85878491213305
2011-08-23 15:00:00,200.87462352677872
2011-08-23 16:00:00,303.5286557820066
2011-08-23 17:00:00,566.2601628654733
2011-08-23 18:00:00,510.1994995346216
2011-08-23 19:00:00,380.0081310616531
2011-08-23 20:00:00,286.5061239065565
2011-08-23 21:00:00,196.5426239971439
2011-08-23 22:00:00,165.72600190150604
2011-08-23 23:00:00,102.10945299434579
2011-08-24 00:00:00,39.686680044685325
2011-08-24 01:00:00,16.82297637790999
2011-08-24 02:00:00,8.224287609955832
2011-08-24 03:00:00,4.16863730486103
2011-08-24 04:00:00,6.245519830927168
2011-08-24 05:00:00,23.031459583713428
2011-08-24 06:00:00,117.8580033114302
2011-08-24 07:00:00,289.65864486396293
2011-08-24 08:00:00,404.5253871687887
2011-08-24 09:00:00,223.2510356911587
2011-08-24 10:00:00,137.69284720815526
2011-08-24 11:00:00,153.65439003171528
2011-08-24 12:00:00,191.3807580654067
2011-08-24 13:00:00,193.3222873058482
2011-08-24 14:00:00,181.09998578408093
2011-08-24 15:00:00,189.2429964917774
2011-08-24 16:00:00,291.3962573551818
2011-08-24 17:00:00,552.7663861197118
2011-08-24 18:00:00,489.0178813893734
2011-08-24 19:00:00,359.4870749207896
2011-08-24 20:00:00,283.5546852919389
2011-08-24 21:00:00,195.19452144658734
2011-08-24 22:00:00,151.8043212291501
2011-08-24 23:00:00,97.77255455639587
2011-08-25 00:00:00,40.09537385540062
2011-08-25 01:00:00,14.045672002900156
2011-08-25 02:00:00,8.53984677863686
2011-08-25 03:00:00,5.792491604685255
2011-08-25 04:00:00,5.262698389855055
2011-08-25 05:00:00,23.824830245880914
2011-08-25 06:00:00,103.55457033002709
2011-08-25 07:00:00,276.34814603227375
2011-08-25 08:00:00,461.6311766029126
2011-08-25 09:00:00,228.92741716309413
2011-08-25 10:00:00,137.00437582507658
2011-08-25 11:00:00,122.76699864073647
2011-08-25 12:00:00,145.81655407455503
2011-08-25 13:00:00,150.83422753394967
2011-08-25 14:00:00,174.4276564420661
2011-08-25 15:00:00,179.18819149693408
2011-08-25 16:00:00,213.30211787119563
2011-08-25 17:00:00,341.7483879092269
2011-08-25 18:00:00,353.19303500934353
2011-08-25 19:00:00,307.3286907910298
2011-08-25 20:00:00,201.4234788397042
2011-08-25 21:00:00,162.33602373631308
2011-08-25 22:00:00,126.13717774209663
2011-08-25 23:00:00,89.00126427265143
2011-08-26 00:00:00,36.55546355739023
2011-08-26 01:00:00,14.345145005276493
2011-08-26 02:00:00,6.297218374238985
2011-08-26 03:00:00,4.813307000325957
2011-08-26 04:00:00,5.337578442864342
2011-08-26 05:00:00,18.737134475631063
2011-08-26 06:00:00,81.34719619794426
2011-08-26 07:00:00,272.3689860583064
2011-08-26 08:00:00,415.3668196781101
2011-08-26 09:00:00,218.367581090511
2011-08-26 10:00:00,137.54428050339294
2011-08-26 11:00:00,160.61669932671356
2011-08-26 12:00:00,206.26995836477312
2011-08-26 13:00:00,188.6737915083889
2011-08-26 14:00:00,175.18362775198898
2011-08-26 15:00:00,185.42197957602008
2011-08-26 16:00:00,278.6668029065221
2011-08-26 17:00:00,492.2992402209302
2011-08-26 18:00:00,490.8652779662479
2011-08-26 19:00:00,313.76879294593573
2011-08-26 20:00:00,227.10585210995507
2011-08-26 21:00:00,177.22262840100828
2011-08-26 22:00:00,142.95472893998138
2011-08-26 23:00:00,86.06105556322511
2011-08-27 00:00:00,103.28935025028979
2011-08-27 01:00:00,66.42595481308099
2011-08-27 02:00:00,53.35079274529913
2011-08-27 03:00:00,26.37794114159622
2011-08-27 04:00:00,6.985670639834238
2011-08-27 05:00:00,6.941679935236125
2011-08-27 06:00:00,19.622745611622932
2011-08-27 07:00:00,40.82787659679164
2011-08-27 08:00:00,95.81554255078169
2011-08-27 09:00:00,155.15646827497568
2011-08-27 10:00:00,192.0947951724468
2011-08-27 11:00:00,116.41060365775805
2011-08-27 12:00:00,179.31538507575317
2011-08-27 13:00:00,210.09495268526896
2011-08-27 14:00:00,96.69063260179266
2011-08-27 15:00:00,117.60074527627283
2011-08-27 16:00:00,118.17768004780953
2011-08-27 17:00:00,105.25207017607376
2011-08-28 07:00:00,36.650115945688356
2011-08-28 08:00:00,78.64129560291435
2011-08-28 09:00:00,187.05343006497912
2011-08-28 10:00:00,232.51523439018248
2011-08-28 11:00:00,326.52552686683134
2011-08-28 12:00:00,416.9051084829521
2011-08-28 13:00:00,459.2582869809083
2011-08-28 14:00:00,475.14668064977093
2011-08-28 15:00:00,417.9628593119655
2011-08-28 16:00:00,379.61977463588863
2011-08-28 17:00:00,414.8503106997509
2011-08-28 18:00:00,353.1606903496887
2011-08-28 19:00:00,289.94534645820977
2011-08-28 20:00:00,265.36791474524824
2011-08-28 21:00:00,219.15670948915295
2011-08-28 22:00:00,161.9506891494817
2011-08-28 23:00:00,101.24910807077066
2011-08-29 00:00:00,39.49369447092786
2011-08-29 01:00:00,16.840493851406325
2011-08-29 02:00:00,7.591729891665738
2011-08-29 03:00:00,4.918683173211251
2011-08-29 04:00:00,4.605913206965496
2011-08-29 05:00:00,23.031459583713428
2011-08-29 06:00:00,120.63814220658358
2011-08-29 07:00:00,304.2996337659872
2011-08-29 08:00:00,407.081520948317
2011-08-29 09:00:00,203.28837171027166
2011-08-29 10:00:00,142.75865730832126
2011-08-29 11:00:00,167.99160503906714
2011-08-29 12:00:00,210.53208525457094
2011-08-29 13:00:00,207.22602522930777
2011-08-29 14:00:00,189.25862836498104
2011-08-29 15:00:00,199.44337473060926
2011-08-29 16:00:00,304.66210624165484
2011-08-29 17:00:00,559.3205678228594
2011-08-29 18:00:00,524.7818048224689
2011-08-29 19:00:00,379.13074741697966
2011-08-29 20:00:00,283.3182910709902
2011-08-29 21:00:00,200.21503582952732
2011-08-29 22:00:00,165.72600190150604
2011-08-29 23:00:00,102.82365390163542
2011-08-30 00:00:00,40.47384755651548
2011-08-30 01:00:00,17.32826811944019
2011-08-30 02:00:00,9.543826681861482
2011-08-30 03:00:00,5.083123963836151
2011-08-30 04:00:00,6.0677647593994966
2011-08-30 05:00:00,22.972796602328156
2011-08-30 06:00:00,118.66917978850519
2011-08-30 07:00:00,264.786479762354
2011-08-30 08:00:00,399.2954867728933
2011-08-30 09:00:00,205.98385555526238
2011-08-30 10:00:00,138.21636695467933
2011-08-30 11:00:00,166.82954705317837
2011-08-30 12:00:00,209.3622677914313
2011-08-30 13:00:00,210.5032076960655
2011-08-30 14:00:00,188.50233833668221
2011-08-30 15:00:00,201.36481103552714
2011-08-30 16:00:00,305.7286192666026
2011-08-30 17:00:00,563.8369620025487
2011-08-30 18:00:00,508.7546051793185
2011-08-30 19:00:00,374.7547290264113
2011-08-30 20:00:00,275.20801255860056
2011-08-30 21:00:00,200.20466676761794
2011-08-30 22:00:00,161.26030229317126
2011-08-30 23:00:00,102.31049572801933
2011-08-31 00:00:00,33.39934038934793
2011-08-31 01:00:00,15.435679036226713
2011-08-31 02:00:00,8.934808535191928
2011-08-31 03:00:00,5.201995272418704
2011-08-31 04:00:00,6.039343861017013
2011-08-31 05:00:00,20.779498950062887
2011-08-31 06:00:00,102.79121473853422
2011-08-31 07:00:00,259.1760493648158
2011-08-31 08:00:00,399.89514181180056
2011-08-31 09:00:00,218.08741514566933
2011-08-31 10:00:00,141.55259696849825
2011-08-31 11:00:00,168.9139514560532
2011-08-31 12:00:00,204.2504808095868
2011-08-31 13:00:00,210.5032076960655
2011-08-31 14:00:00,187.04757605691987
2011-08-31 15:00:00,198.3196147574899
2011-08-31 16:00:00,297.4184860677659
2011-08-31 17:00:00,558.094514059634
2011-08-31 18:00:00,519.303633109122
2011-08-31 19:00:00,354.4171800524298
2011-08-31 20:00:00,289.4058209715631
2011-08-31 21:00:00,203.88164870497766
2011-08-31 22:00:00,159.91444163650215
2011-08-31 23:00:00,90.64670806212365
2011-09-20 00:00:00,36.38481649849048
2011-09-20 01:00:00,11.455754567111027
2011-09-20 02:00:00,5.772290537658813
2011-09-20 03:00:00,5.244137487425143
2011-09-20 04:00:00,5.352904146993834
2011-09-20 05:00:00,22.50095106046497
2011-09-20 06:00:00,78.39830660880669
2011-09-20 07:00:00,220.8906401420209
2011-09-20 08:00:00,161.04905081670717
2011-09-20 09:00:00,77.51561492375225
2011-09-20 10:00:00,71.9775914313396
2011-09-20 11:00:00,81.10958632985627
2011-09-20 12:00:00,72.14280938500696
2011-09-20 13:00:00,73.68590080079471
2011-09-20 14:00:00,115.26398333330518
2011-09-20 15:00:00,162.19506224436208
2011-09-20 16:00:00,239.31107294179085
2011-09-20 17:00:00,398.19197824661353
2011-09-20 18:00:00,369.2803769437252
2011-09-20 19:00:00,222.9792651611872
2011-09-20 20:00:00,118.85456091136147
2011-09-20 21:00:00,96.69745736841192
2011-09-20 22:00:00,83.64183747501714
2011-09-20 23:00:00,61.382341269616916
2011-09-21 00:00:00,18.548582262028823
2011-09-21 01:00:00,9.618568287102674
2011-09-21 02:00:00,5.81424826998429
2011-09-21 03:00:00,3.5554059595946637
2011-09-21 04:00:00,4.014379715799611
2011-09-21 05:00:00,13.130192468521104
2011-09-21 06:00:00,51.28427843707496
2011-09-21 07:00:00,127.19101072213124
2011-09-21 08:00:00,261.00650905878217
2011-09-21 09:00:00,109.69759632933155
2011-09-21 10:00:00,88.37209622365273
2011-09-21 11:00:00,130.01104120413828
2011-09-21 12:00:00,169.43849645802064
2011-09-21 13:00:00,161.18035816877259
2011-09-21 14:00:00,180.05070648945224
2011-09-21 15:00:00,187.37478400298974
2011-09-21 16:00:00,288.09577409447763
2011-09-21 17:00:00,482.19322321826314
2011-09-21 18:00:00,291.04925665360537
2011-09-21 19:00:00,125.11956772614012
2011-09-21 20:00:00,84.8358043800855
2011-09-21 21:00:00,75.7627520597925
2011-09-21 22:00:00,73.98830172531005
2011-09-21 23:00:00,60.81440936731135
2011-09-22 00:00:00,21.96101258571305
2011-09-22 01:00:00,8.130713275164368
2011-09-22 02:00:00,5.884417232446084
2011-09-22 03:00:00,3.566655523125606
2011-09-22 04:00:00,3.96794339546976
2011-09-22 05:00:00,13.66897547781419
2011-09-22 06:00:00,55.4358263201164
2011-09-22 07:00:00,151.55775207172817
2011-09-22 08:00:00,274.03124679211624
2011-09-22 09:00:00,117.74648109696577
2011-09-22 10:00:00,101.66510325570803
2011-09-22 11:00:00,109.68891973761573
2011-09-22 12:00:00,136.52023557167232
2011-09-22 13:00:00,134.76943549738692
2011-09-22 14:00:00,151.32067979562282
2011-09-22 15:00:00,169.78457468571187
2011-09-22 16:00:00,288.09577409447763
2011-09-22 17:00:00,451.69833951184575
2011-09-22 18:00:00,356.945844058323
2011-09-22 19:00:00,212.9864854694405
2011-09-22 20:00:00,109.89215259176898
2011-09-22 21:00:00,116.0106117991368
2011-09-22 22:00:00,64.37982010620505
2011-09-22 23:00:00,57.265515436218934
2011-09-23 00:00:00,23.530038781150562
2011-09-23 01:00:00,10.688496911593807
2011-09-23 02:00:00,7.732365494578984
2011-09-23 03:00:00,4.9659427335310875
2011-09-23 04:00:00,4.2345156718439245
2011-09-23 05:00:00,19.338102271261416
2011-09-23 06:00:00,81.31706871626542
2011-09-23 07:00:00,158.97740404939952
2011-09-23 08:00:00,260.80787388107876
2011-09-23 09:00:00,113.36297026963753
2011-09-23 10:00:00,66.41452851815555
2011-09-23 11:00:00,73.15889422081888
2011-09-23 12:00:00,81.21795095168244
2011-09-23 13:00:00,62.348573728045714
2011-09-23 14:00:00,75.0206706562969
2011-09-23 15:00:00,81.05665235389155
2011-09-23 16:00:00,126.7058612685422
2011-09-23 17:00:00,229.26946277369743
2011-09-23 18:00:00,246.00033990461338
2011-09-23 19:00:00,215.2821568632844
2011-09-23 20:00:00,149.74752341003384
2011-09-23 21:00:00,127.22888804879707
2011-09-23 22:00:00,116.42901416252498
2011-09-23 23:00:00,61.54494155205634
2011-09-24 00:00:00,82.05153035517795
2011-09-24 01:00:00,62.10914495029618
2011-09-24 02:00:00,50.99105022519168
2011-09-24 03:00:00,27.417371711747435
2011-09-24 04:00:00,8.668649771796964
2011-09-24 05:00:00,8.561167292176512
2011-09-24 06:00:00,14.181122303366006
2011-09-24 07:00:00,39.23185476007638
2011-09-24 08:00:00,94.46920084953695
2011-09-24 09:00:00,128.54364415065203
2011-09-24 10:00:00,156.22291463864963
2011-09-24 11:00:00,241.67309295920074
2011-09-24 12:00:00,318.68273969256535
2011-09-24 13:00:00,287.30595810408397
2011-09-24 14:00:00,274.59933983993005
2011-09-24 15:00:00,357.9314771915922
2011-09-24 16:00:00,349.740233420075
2011-09-24 17:00:00,334.58412752472634
2011-09-24 18:00:00,247.45772906364226
2011-09-24 19:00:00,184.9276759168955
2011-09-24 20:00:00,194.55997975739118
2011-09-24 21:00:00,174.0371541617625
2011-09-24 22:00:00,104.08206704220181
2011-09-24 23:00:00,76.93050072842986
2011-09-25 00:00:00,72.61833490641243
2011-09-25 01:00:00,64.22762673680522
2011-09-25 02:00:00,34.569238489459
2011-09-25 03:00:00,19.64256472908882
2011-09-25 04:00:00,7.205186622112091
2011-09-25 05:00:00,11.492413257437109
2011-09-25 06:00:00,16.642164599118804
2011-09-25 07:00:00,37.799575663196066
2011-09-25 08:00:00,103.3014716390958
2011-09-25 09:00:00,171.80915879306102
2011-09-25 10:00:00,207.70701292829273
2011-09-25 11:00:00,283.840119853009
2011-09-25 12:00:00,332.7463990811551
2011-09-25 13:00:00,329.21404143918846
2011-09-25 14:00:00,261.481779235733
2011-09-25 15:00:00,340.81424643251626
2011-09-25 16:00:00,385.4558910425277
2011-09-25 17:00:00,338.1272407614202
2011-09-25 18:00:00,299.20821921000925
2011-09-25 19:00:00,234.44760916980817
2011-09-25 20:00:00,199.16558260960414
2011-09-25 21:00:00,140.68326009398606
2011-09-25 22:00:00,110.24760187289625
2011-09-25 23:00:00,83.45875963315655
2011-09-26 00:00:00,23.135483689738503
2011-09-26 01:00:00,12.897995829373901
2011-09-26 02:00:00,6.328122864137688
2011-09-26 03:00:00,5.246336623271762
2011-09-26 04:00:00,5.891672766207136
2011-09-26 05:00:00,24.502216149398738
2011-09-26 06:00:00,81.31706871626542
2011-09-26 07:00:00,223.30624163825107
2011-09-26 08:00:00,390.09981812142166
2011-09-26 09:00:00,193.41069785410463
2011-09-26 10:00:00,110.92559204301232
2011-09-26 11:00:00,146.13694751472676
2011-09-26 12:00:00,172.29141162161457
2011-09-26 13:00:00,160.91666500254152
2011-09-26 14:00:00,194.29699181345768
2011-09-26 15:00:00,200.42089237664257
2011-09-26 16:00:00,301.01848217936487
2011-09-26 17:00:00,506.4201602120782
2011-09-26 18:00:00,404.7290790396498
2011-09-26 19:00:00,306.91708149847625
2011-09-26 20:00:00,202.07881899668823
2011-09-26 21:00:00,154.27716574792993
2011-09-26 22:00:00,120.35271948170106
2011-09-26 23:00:00,84.95154205820747
2011-09-27 00:00:00,33.52059473440231
2011-09-27 01:00:00,14.90198377404093
2011-09-27 02:00:00,10.070278096033526
2011-09-27 03:00:00,5.246336623271762
2011-09-27 04:00:00,5.319524183556912
2011-09-27 05:00:00,17.158401360245467
2011-09-27 06:00:00,82.60298297624398
2011-09-27 07:00:00,230.53436701659103
2011-09-27 08:00:00,398.97366130179546
2011-09-27 09:00:00,142.77037451843418
2011-09-27 10:00:00,77.46197326515517
2011-09-27 11:00:00,118.22303164889247
2011-09-27 12:00:00,120.88194430564326
2011-09-27 13:00:00,160.36818707318358
2011-09-27 14:00:00,162.59432250366015
2011-09-27 15:00:00,157.96273005144127
2011-09-27 16:00:00,244.65380162520898
2011-09-27 17:00:00,343.1893456213183
2011-09-27 18:00:00,327.54929600520995
2011-09-27 19:00:00,247.77897310729915
2011-09-27 20:00:00,231.7463768602153
2011-09-27 21:00:00,158.20464501374917
2011-09-27 22:00:00,113.73679377007714
2011-09-27 23:00:00,79.90505688297755
2011-09-28 00:00:00,29.60056504756177
2011-09-28 01:00:00,12.476212958201064
2011-09-28 02:00:00,6.622671641294049
2011-09-28 03:00:00,5.166390617517172
2011-09-28 04:00:00,5.38886782675577
2011-09-28 05:00:00,17.90462011808823
2011-09-28 06:00:00,57.36292178193183
2011-09-28 07:00:00,148.38814179305237
2011-09-28 08:00:00,250.4160905624453
2011-09-28 09:00:00,114.16934764021539
2011-09-28 10:00:00,92.25325250476546
2011-09-28 11:00:00,133.39479967259075
2011-09-28 12:00:00,173.78657985953302
2011-09-28 13:00:00,165.15567491634542
2011-09-28 14:00:00,192.56603182491222
2011-09-28 15:00:00,196.32064997039237
2011-09-28 16:00:00,298.58415854085666
2011-09-28 17:00:00,514.7186170514092
2011-09-28 18:00:00,344.03907330258494
2011-09-28 19:00:00,269.5764962033686
2011-09-28 20:00:00,136.82174298888458
2011-09-28 21:00:00,91.76826903557995
2011-09-28 22:00:00,113.73679377007714
2011-09-28 23:00:00,77.78264232954488
2011-09-29 00:00:00,31.40191885198177
2011-09-29 01:00:00,11.623697918825833
2011-09-29 02:00:00,7.775314017010343
2011-09-29 03:00:00,5.715719920800403
2011-09-29 04:00:00,5.4310982354573385
2011-09-29 05:00:00,23.63117364600845
2011-09-29 06:00:00,80.7174638846043
2011-09-29 07:00:00,271.4710221293708
2011-09-29 08:00:00,421.8130877811644
2011-09-29 09:00:00,219.65126826412717
2011-09-29 10:00:00,147.17665633734262
2011-09-29 11:00:00,169.10735999098335
2011-09-29 12:00:00,211.3818524485145
2011-09-29 13:00:00,198.25478040719102
2011-09-29 14:00:00,182.8341984406431
2011-09-29 15:00:00,202.29341256654223
2011-09-29 16:00:00,308.27741524563953
2011-09-29 17:00:00,550.6632263307328
2011-09-29 18:00:00,519.254391836516
2011-09-29 19:00:00,363.1122338025893
2011-09-29 20:00:00,273.79074276293017
2011-09-29 21:00:00,186.1830289305144
2011-09-29 22:00:00,146.05493165451637
2011-09-29 23:00:00,87.46116723477807
2011-09-30 00:00:00,35.89910135435719
2011-09-30 01:00:00,15.439255975828566
2011-09-30 02:00:00,7.195196844611408
2011-09-30 03:00:00,6.491736236004032
2011-09-30 04:00:00,5.817567021953078
2011-09-30 05:00:00,26.006533931470518
2011-09-30 06:00:00,107.60515744176136
2011-09-30 07:00:00,299.8714882785914
2011-09-30 08:00:00,444.88736866791703
2011-09-30 09:00:00,233.5748878508888
2011-09-30 10:00:00,140.6432237723333
2011-09-30 11:00:00,168.27777190794444
2011-09-30 12:00:00,212.56364193749712
2011-09-30 13:00:00,180.0396585560428
2011-09-30 14:00:00,179.05668729467317
2011-09-30 15:00:00,194.55363479374813
2011-09-30 16:00:00,314.46813950429333
2011-09-30 17:00:00,576.2199647216266
2011-09-30 18:00:00,466.3414740337777
2011-09-30 19:00:00,321.8597881557568
2011-09-30 20:00:00,231.02543254215604
2011-09-30 21:00:00,188.90752994602144
2011-09-30 22:00:00,143.55093729971108
2011-09-30 23:00:00,76.03172419692932
2011-10-20 00:00:00,29.146425346536578
2011-10-20 01:00:00,13.753860749346753
2011-10-20 02:00:00,6.326733802646811
2011-10-20 03:00:00,3.917007307485582
2011-10-20 04:00:00,4.849902191849512
2011-10-20 05:00:00,21.452557519560727
2011-10-20 06:00:00,89.5025068560264
2011-10-20 07:00:00,243.50820469592884
2011-10-20 08:00:00,356.66407328058364
2011-10-20 09:00:00,180.9097587894287
2011-10-20 10:00:00,152.4248211180677
2011-10-20 11:00:00,143.51103591057236
2011-10-20 12:00:00,181.59036371435622
2011-10-20 13:00:00,166.02344614531606
2011-10-20 14:00:00,153.66705308844092
2011-10-20 15:00:00,164.39431948096907
2011-10-20 16:00:00,270.2247637990557
2011-10-20 17:00:00,473.5856673783055
2011-10-20 18:00:00,415.2087165629285
2011-10-20 19:00:00,295.82890642620976
2011-10-20 20:00:00,212.4129343859739
2011-10-20 21:00:00,150.72392713220913
2011-10-20 22:00:00,122.53769757320921
2011-10-20 23:00:00,79.81080255654739
2011-10-21 00:00:00,41.35631791511341
2011-10-21 01:00:00,17.20953120870864
2011-10-21 02:00:00,6.755130350939261
2011-10-21 03:00:00,4.9616000025475815
2011-10-21 04:00:00,4.84800482804196
2011-10-21 05:00:00,20.58784695159084
2011-10-21 06:00:00,94.02056052053793
2011-10-21 07:00:00,280.5369478315281
2011-10-21 08:00:00,367.95308452555724
2011-10-21 09:00:00,226.4643931943479
2011-10-21 10:00:00,151.48670590052544
2011-10-21 11:00:00,165.36830851966684
2011-10-21 12:00:00,190.3046655682252
2011-10-21 13:00:00,176.22366281474407
2011-10-21 14:00:00,177.0534976447881
2011-10-21 15:00:00,188.6752612224574
2011-10-21 16:00:00,282.6064722771299
2011-10-21 17:00:00,487.8106642147316
2011-10-21 18:00:00,419.181700786864
2011-10-21 19:00:00,272.0202390727715
2011-10-21 20:00:00,199.0769655152226
2011-10-21 21:00:00,162.693059036951
2011-10-21 22:00:00,128.47855903773248
2011-10-21 23:00:00,78.6983848401468
2011-10-22 00:00:00,95.80305043698145
2011-10-22 01:00:00,71.40388409291799
2011-10-22 02:00:00,46.056549898389335
2011-10-22 03:00:00,25.066277756347326
2011-10-22 04:00:00,7.283997636244184
2011-10-22 05:00:00,6.637724806667105
2011-10-22 06:00:00,25.508323417974808
2011-10-22 07:00:00,49.55906233150325
2011-10-22 08:00:00,97.93569142973759
2011-10-22 09:00:00,164.43651442625386
2011-10-22 10:00:00,214.1506061471264
2011-10-22 11:00:00,229.5714009962934
2011-10-22 12:00:00,370.20986850266473
2011-10-22 13:00:00,387.07395968698154
2011-10-22 14:00:00,269.8645914066666
2011-10-22 15:00:00,308.6055499429177
2011-10-22 16:00:00,386.59723561796324
2011-10-22 17:00:00,321.4007686184159
2011-10-22 18:00:00,257.830429111335
2011-10-22 19:00:00,214.71417260286992
2011-10-22 20:00:00,161.4603953702941
2011-10-22 21:00:00,123.42710778340681
2011-10-22 22:00:00,103.56285727917793
2011-10-22 23:00:00,73.29365016580668
2011-10-23 00:00:00,65.54049048808004
2011-10-23 01:00:00,53.174538447129414
2011-10-23 02:00:00,34.77033807047955
2011-10-23 03:00:00,19.178648511022203
2011-10-23 04:00:00,6.466152863748641
2011-10-23 05:00:00,7.122094674593512
2011-10-23 06:00:00,17.652378938882617
2011-10-23 07:00:00,35.79391028034316
2011-10-23 08:00:00,82.96669090787135
2011-10-23 09:00:00,151.44199312557694
2011-10-23 10:00:00,215.42126895564434
2011-10-23 11:00:00,256.82694766946383
2011-10-23 12:00:00,330.64051641549463
2011-10-23 13:00:00,352.6297086141826
2011-10-23 14:00:00,305.11797818326903
2011-10-23 15:00:00,362.9124300886008
2011-10-23 16:00:00,385.2935413615197
2011-10-23 17:00:00,340.20201873999366
2011-10-23 18:00:00,293.0793238097718
2011-10-23 19:00:00,213.3025929769396
2011-10-23 20:00:00,167.10357413753516
2011-10-23 21:00:00,141.24107427266594
2011-10-23 22:00:00,112.82990535865011
2011-10-23 23:00:00,80.96067137074436
2011-10-24 00:00:00,44.5072539765517
2011-10-24 01:00:00,13.076062558184717
2011-10-24 02:00:00,5.572632777087824
2011-10-24 03:00:00,4.96528900473994
2011-10-24 04:00:00,5.703270243995009
2011-10-24 05:00:00,23.802216178498206
2011-10-24 06:00:00,80.57945953661832
2011-10-24 07:00:00,194.1669171400338
2011-10-24 08:00:00,382.9709567014714
2011-10-24 09:00:00,205.16253811224868
2011-10-24 10:00:00,120.72841412385621
2011-10-24 11:00:00,155.84212033792335
2011-10-24 12:00:00,190.98154888369922
2011-10-24 13:00:00,195.01344953409205
2011-10-24 14:00:00,178.74439252923338
2011-10-24 15:00:00,200.0966456551389
2011-10-24 16:00:00,301.0376849806914
2011-10-24 17:00:00,448.3101293367767
2011-10-24 18:00:00,503.3862333510399
2011-10-24 19:00:00,200.13643894999558
2011-10-24 20:00:00,205.80414868848675
2011-10-24 21:00:00,133.25138829445382
2011-10-24 22:00:00,136.60247309344123
2011-10-24 23:00:00,89.20636988760779
2011-10-25 00:00:00,48.10300554982808
2011-10-25 01:00:00,15.84314768354
2011-10-25 02:00:00,6.444686779822341
2011-10-25 03:00:00,5.117291458887025
2011-10-25 04:00:00,5.109268309370171
2011-10-25 05:00:00,22.369388760147636
2011-10-25 06:00:00,92.33004472474568
2011-10-25 07:00:00,245.64556311152492
2011-10-25 08:00:00,444.2729599014508
2011-10-25 09:00:00,220.50082170248302
2011-10-25 10:00:00,139.6377634684879
2011-10-25 11:00:00,162.54790306059826
2011-10-25 12:00:00,199.96757004764626
2011-10-25 13:00:00,201.30920970596745
2011-10-25 14:00:00,185.52671527814738
2011-10-25 15:00:00,208.81302273694618
2011-10-25 16:00:00,308.52722229909966
2011-10-25 17:00:00,547.737280040103
2011-10-25 18:00:00,481.1852332981299
2011-10-25 19:00:00,310.28201005209
2011-10-25 20:00:00,243.26702396178993
2011-10-25 21:00:00,159.82005127547632
2011-10-25 22:00:00,134.49816256267044
2011-10-25 23:00:00,85.53058726103448
2011-10-26 00:00:00,48.81570771305901
2011-10-26 01:00:00,15.742900695432812
2011-10-26 02:00:00,7.610998413143244
2011-10-26 03:00:00,4.25578448181195
2011-10-26 04:00:00,5.069994849053287
2011-10-26 05:00:00,23.498871340936297
2011-10-26 06:00:00,98.79936649041126
2011-10-26 07:00:00,277.502412215992
2011-10-26 08:00:00,379.8293034193612
2011-10-26 09:00:00,226.1485322930139
2011-10-26 10:00:00,150.06308393605792
2011-10-26 11:00:00,161.34144087347684
2011-10-26 12:00:00,176.02687776522382
2011-10-26 13:00:00,148.57763123318594
2011-10-26 14:00:00,152.45717496569637
2011-10-26 15:00:00,158.673037427859
2011-10-26 16:00:00,248.96393980779587
2011-10-26 17:00:00,402.9622512134501
2011-10-26 18:00:00,409.3181699877985
2011-10-26 19:00:00,272.6629665075423
2011-10-26 20:00:00,153.26242329702964
2011-10-26 21:00:00,155.88265699820585
2011-10-26 22:00:00,88.70881304339994
2011-10-26 23:00:00,67.15155807402378
2011-10-27 00:00:00,31.64906940561427
2011-10-27 01:00:00,12.733650681832051
2011-10-27 02:00:00,5.823233336442081
2011-10-27 03:00:00,3.212547951952934
2011-10-27 04:00:00,3.7503735548752006
2011-10-27 05:00:00,16.514356903175234
2011-10-27 06:00:00,68.28320151392681
2011-10-27 07:00:00,201.81237534320695
2011-10-27 08:00:00,223.8143164045627
2011-10-27 09:00:00,208.9735856593867
2011-10-27 10:00:00,72.29557478217706
2011-10-27 11:00:00,78.60391819040407
2011-10-27 12:00:00,75.72295490073337
2011-10-27 13:00:00,109.27012504846847
2011-10-27 14:00:00,142.24611719107818
2011-10-27 15:00:00,148.1945053580552
2011-10-27 16:00:00,272.147089124632
2011-10-27 17:00:00,376.53729180172286
2011-10-27 18:00:00,374.81925272981266
2011-10-27 19:00:00,237.63994565633692
2011-10-27 20:00:00,184.38983219625806
2011-10-27 21:00:00,129.5548781792388
2011-10-27 22:00:00,98.68498813062519
2011-10-27 23:00:00,70.56942935906818
2011-10-28 00:00:00,36.47133022599557
2011-10-28 01:00:00,14.186606936217608
2011-10-28 02:00:00,5.068976466922118
2011-10-28 03:00:00,2.6134115539267904
2011-10-28 04:00:00,3.9005745067050137
2011-10-28 05:00:00,20.216771890844537
2011-10-28 06:00:00,82.67259792864188
2011-10-28 07:00:00,220.28976556007862
2011-10-28 08:00:00,320.13823765763186
2011-10-28 09:00:00,194.6777062173884
2011-10-28 10:00:00,114.98110246491831
2011-10-28 11:00:00,149.19168750014194
2011-10-28 12:00:00,180.6935753674238
2011-10-28 13:00:00,160.3204318969589
2011-10-28 14:00:00,151.1230384408318
2011-10-28 15:00:00,170.58214972364792
2011-10-28 16:00:00,250.86324349724552
2011-10-28 17:00:00,441.0493588807707
2011-10-28 18:00:00,396.78359543222956
2011-10-28 19:00:00,289.3034375588366
2011-10-28 20:00:00,130.9036410782829
2011-10-28 21:00:00,99.35805879248527
2011-10-28 22:00:00,69.37250775704167
2011-10-28 23:00:00,31.265142723301956
2011-10-29 00:00:00,35.846893769207895
2011-10-29 01:00:00,31.589193505949062
2011-10-29 02:00:00,24.425101287277048
2011-10-29 03:00:00,6.90890379772673
2011-10-29 04:00:00,3.577733945584117
2011-10-29 05:00:00,3.306431792558345
2011-10-29 06:00:00,7.860399062206424
2011-10-29 07:00:00,17.187199335162713
2011-10-29 08:00:00,46.17605211743473
2011-10-29 09:00:00,53.071360622598704
2011-10-29 10:00:00,70.75074140272048
2011-10-29 11:00:00,69.15748539495539
2011-10-29 12:00:00,45.50184404745322
2011-10-29 13:00:00,49.40239732133884
2011-10-29 14:00:00,52.72802485209246
2011-10-29 15:00:00,103.7175028229224
2011-10-29 16:00:00,82.50468551852522
2011-10-29 17:00:00,68.36135011086778
2011-10-29 18:00:00,61.71645912097304
2011-10-29 19:00:00,66.8017282850903
2011-10-29 20:00:00,54.19269422037265
2011-10-29 21:00:00,44.59532130173379
2011-10-29 22:00:00,45.895016329381995
2011-10-29 23:00:00,38.047847474174006
2011-10-30 00:00:00,48.998365900429874
2011-10-30 01:00:00,38.05980740138911
2011-10-30 02:00:00,24.295195797779947
2011-10-30 03:00:00,10.807953999850007
2011-10-30 04:00:00,3.8629656582028957
2011-10-30 05:00:00,4.5187622694446885
2011-10-30 06:00:00,10.649684756651476
2011-10-30 07:00:00,28.610156523314956
2011-10-30 08:00:00,68.0318999081109
2011-10-30 09:00:00,119.4090627794445
2011-10-30 10:00:00,187.53523777908654
2011-10-30 11:00:00,232.92672814428613
2011-10-30 12:00:00,321.1327966787778
2011-10-30 13:00:00,313.0510999596936
2011-10-30 14:00:00,290.2070778324106
2011-10-30 15:00:00,345.5107835351556
2011-10-30 16:00:00,331.36836295447904
2011-10-30 17:00:00,277.50241132304063
2011-10-30 18:00:00,226.01609132782656
2011-10-30 19:00:00,245.8237289892521
2011-10-30 20:00:00,143.24498933853343
2011-10-30 21:00:00,118.54747019040369
2011-10-30 22:00:00,87.80032805378156
2011-10-30 23:00:00,56.15724984387117
2011-10-31 00:00:00,19.148067847125493
2011-10-31 01:00:00,9.948802373815518
2011-10-31 02:00:00,3.662013605741029
2011-10-31 03:00:00,3.303423815467701
2011-10-31 04:00:00,3.946905336112308
2011-10-31 05:00:00,18.645052349952984
2011-10-31 06:00:00,67.58955043548528
2011-10-31 07:00:00,184.65075286976528
2011-10-31 08:00:00,300.48266151219735
2011-10-31 09:00:00,193.15061806339804
2011-10-31 10:00:00,121.4698705331481
2011-10-31 11:00:00,149.93603622380448
2011-10-31 12:00:00,191.3181543588375
2011-10-31 13:00:00,165.13491246319887
2011-10-31 14:00:00,155.861928330608
2011-10-31 15:00:00,184.49904579181455
2011-10-31 16:00:00,258.18028876784064
2011-10-31 17:00:00,466.95663551130525
2011-10-31 18:00:00,358.52933611496536
2011-10-31 19:00:00,249.50888869938072
2011-10-31 20:00:00,200.47418094970513
2011-10-31 21:00:00,129.0836616469804
2011-10-31 22:00:00,105.21117913823831
2011-10-31 23:00:00,65.81880334465622
2011-11-20 00:00:00,90.49100161271573
2011-11-20 01:00:00,69.84336781234407
2011-11-20 02:00:00,48.43336813754811
2011-11-20 03:00:00,17.27809971699247
2011-11-20 04:00:00,7.309202326408464
2011-11-20 05:00:00,5.860546329752473
2011-11-20 06:00:00,18.69440714109949
2011-11-20 07:00:00,52.43827544325918
2011-11-20 08:00:00,88.59970468355795
2011-11-20 09:00:00,172.89429470373298
2011-11-20 10:00:00,197.57688486928578
2011-11-20 11:00:00,267.7365261140147
2011-11-20 12:00:00,357.5489251317224
2011-11-20 13:00:00,330.4483324416579
2011-11-20 14:00:00,308.08181035777073
2011-11-20 15:00:00,290.67594007700006
2011-11-20 16:00:00,362.71563320765017
2011-11-20 17:00:00,345.00155162054307
2011-11-20 18:00:00,300.64112330662914
2011-11-20 19:00:00,227.27973840705354
2011-11-20 20:00:00,194.64221484783366
2011-11-20 21:00:00,139.12856163304428
2011-11-20 22:00:00,62.6548629744756
2011-11-20 23:00:00,52.196746111361925
2011-11-21 00:00:00,24.280732645117713
2011-11-21 01:00:00,9.878493293766144
2011-11-21 02:00:00,5.781578184217753
2011-11-21 03:00:00,3.737354539146531
2011-11-21 04:00:00,3.990934013111909
2011-11-21 05:00:00,16.84299053910147
2011-11-21 06:00:00,64.64555646371818
2011-11-21 07:00:00,236.8359712092322
2011-11-21 08:00:00,354.7878178567856
2011-11-21 09:00:00,142.78497967200204
2011-11-21 10:00:00,115.7211411666025
2011-11-21 11:00:00,125.0245337718889
2011-11-21 12:00:00,159.71402052141318
2011-11-21 13:00:00,149.57764653412667
2011-11-21 14:00:00,131.80065540259264
2011-11-21 15:00:00,61.25830139886037
2011-11-21 16:00:00,92.07540870409802
2011-11-21 17:00:00,152.10996883051712
2011-11-21 18:00:00,192.82963386527743
2011-11-21 19:00:00,117.94668431638614
2011-11-21 20:00:00,94.04424549617868
2011-11-21 21:00:00,77.2967037904451
2011-11-21 22:00:00,63.07814356338544
2011-11-21 23:00:00,42.073787364009924
2011-11-22 00:00:00,15.965338027115216
2011-11-22 01:00:00,10.46885670021562
2011-11-22 02:00:00,6.5081019030316245
2011-11-22 03:00:00,4.4073728306714335
2011-11-22 04:00:00,5.166976542488235
2011-11-22 05:00:00,14.308313724573503
2011-11-22 06:00:00,73.91643405383833
2011-11-22 07:00:00,120.73547625477602
2011-11-22 08:00:00,210.43756465747137
2011-11-22 09:00:00,104.23470125263479
2011-11-22 10:00:00,59.59325048939239
2011-11-22 11:00:00,69.92089411144607
2011-11-22 12:00:00,62.12312132061638
2011-11-22 13:00:00,56.86497912753389
2011-11-22 14:00:00,60.34895443725713
2011-11-22 15:00:00,57.34930126550088
2011-11-22 16:00:00,92.78117666793487
2011-11-22 17:00:00,174.19830117777283
2011-11-22 18:00:00,150.8772905538628
2011-11-22 19:00:00,122.7503274131826
2011-11-22 20:00:00,141.10238107248333
2011-11-22 21:00:00,111.09218519956953
2011-11-22 22:00:00,86.66081279252086
2011-11-22 23:00:00,58.633329873432096
2011-11-23 00:00:00,18.634997275790425
2011-11-23 01:00:00,9.34724157820588
2011-11-23 02:00:00,5.457436732449046
2011-11-23 03:00:00,3.1084124842397065
2011-11-23 04:00:00,5.446895656898542
2011-11-23 05:00:00,16.68172032499225
2011-11-23 06:00:00,67.99112175824818
2011-11-23 07:00:00,222.9888117630409
2011-11-23 08:00:00,341.1993137639141
2011-11-23 09:00:00,161.80357363498112
2011-11-23 10:00:00,94.50150034667291
2011-11-23 11:00:00,137.28337947865612
2011-11-23 12:00:00,175.89662444519277
2011-11-23 13:00:00,140.11691289499598
2011-11-23 14:00:00,139.75165070337943
2011-11-23 15:00:00,136.51897597157816
2011-11-23 16:00:00,190.63893769002007
2011-11-23 17:00:00,276.7581196061599
2011-11-23 18:00:00,334.194109545654
2011-11-23 19:00:00,244.61307095136976
2011-11-23 20:00:00,175.44214418782929
2011-11-23 21:00:00,124.46170143662664
2011-11-23 22:00:00,104.12386539635231
2011-11-23 23:00:00,70.79125782751673
2011-11-24 00:00:00,59.34360295440046
2011-11-24 01:00:00,34.24080340849346
2011-11-24 02:00:00,37.01341863232314
2011-11-24 03:00:00,12.913280517228301
2011-11-24 04:00:00,6.590481192924559
2011-11-24 05:00:00,5.73484416859514
2011-11-24 06:00:00,14.494112560436026
2011-11-24 07:00:00,36.9261622286989
2011-11-24 08:00:00,97.98018803098088
2011-11-24 09:00:00,124.84652978631314
2011-11-24 10:00:00,143.32894928819405
2011-11-24 11:00:00,237.86177491809764
2011-11-24 12:00:00,339.8364323779586
2011-11-24 13:00:00,329.7489020166892
2011-11-24 14:00:00,363.50308728482656
2011-11-24 15:00:00,309.96694304513005
2011-11-24 16:00:00,331.37291134806367
2011-11-24 17:00:00,256.27755726611935
2011-11-24 18:00:00,173.36609126536132
2011-11-24 19:00:00,143.09546989050722
2011-11-24 20:00:00,93.95454206596882
2011-11-24 21:00:00,122.11128041771359
2011-11-24 22:00:00,98.92408544339368
2011-11-24 23:00:00,60.19879403921995
2011-11-25 00:00:00,38.7982340197631
2011-11-25 01:00:00,13.96128181907555
2011-11-25 02:00:00,5.090111234253589
2011-11-25 03:00:00,3.568967840097965
2011-11-25 04:00:00,5.504887624873197
2011-11-25 05:00:00,21.377276170946512
2011-11-25 06:00:00,82.64013208193059
2011-11-25 07:00:00,234.91241019551182
2011-11-25 08:00:00,454.2150660562419
2011-11-25 09:00:00,200.08242009400206
2011-11-25 10:00:00,117.98573721807168
2011-11-25 11:00:00,137.12228725600852
2011-11-25 12:00:00,195.92533324115325
2011-11-25 13:00:00,180.85346915881502
2011-11-25 14:00:00,177.08895234394566
2011-11-25 15:00:00,188.795250003335
2011-11-25 16:00:00,277.90670926759
2011-11-25 17:00:00,490.45083885307804
2011-11-25 18:00:00,427.116413936346
2011-11-25 19:00:00,266.8826275276989
2011-11-25 20:00:00,196.47544099912278
2011-11-25 21:00:00,144.73999590039412
2011-11-25 22:00:00,114.89377316561554
2011-11-25 23:00:00,70.50554561669374
2011-11-26 00:00:00,86.74059313954612
2011-11-26 01:00:00,63.367251910720285
2011-11-26 02:00:00,46.714573295485266
2011-11-26 03:00:00,19.294475095942435
2011-11-26 04:00:00,6.979901129745221
2011-11-26 05:00:00,7.086842064974963
2011-11-26 06:00:00,14.845640111410317
2011-11-26 07:00:00,26.789525969687364
2011-11-26 08:00:00,94.39086837492638
2011-11-26 09:00:00,137.0139866778506
2011-11-26 10:00:00,178.9353554844283
2011-11-26 11:00:00,249.49506539900702
2011-11-26 12:00:00,323.3084534565985
2011-11-26 13:00:00,383.52193742361
2011-11-26 14:00:00,282.58037096278036
2011-11-26 15:00:00,348.2900420690344
2011-11-26 16:00:00,356.40225971576575
2011-11-26 17:00:00,296.6275945405653
2011-11-26 18:00:00,240.82150978844217
2011-11-26 19:00:00,178.53947348076377
2011-11-26 20:00:00,156.02868233580114
2011-11-26 21:00:00,120.03455226080786
2011-11-26 22:00:00,107.96418915512001
2011-11-26 23:00:00,68.89979804210003
2011-11-27 00:00:00,82.34073959487311
2011-11-27 01:00:00,62.627626261354415
2011-11-27 02:00:00,41.79183516734103
2011-11-27 03:00:00,20.61481174991966
2011-11-27 04:00:00,7.095330511624734
2011-11-27 05:00:00,7.553944839910203
2011-11-27 06:00:00,21.027733062216793
2011-11-27 07:00:00,35.53999152191424
2011-11-27 08:00:00,83.04765372009302
2011-11-27 09:00:00,180.71613998481982
2011-11-27 10:00:00,236.76779351869365
2011-11-27 11:00:00,271.6160822938557
2011-11-27 12:00:00,371.2000914767708
2011-11-27 13:00:00,354.81619854771185
2011-11-27 14:00:00,439.8387825674472
2011-11-27 15:00:00,433.784257777239
2011-11-27 16:00:00,361.39551116325333
2011-11-27 17:00:00,357.46105613745317
2011-11-27 18:00:00,283.80154750926994
2011-11-27 19:00:00,212.8759857862103
2011-11-27 20:00:00,193.17615796382213
2011-11-27 21:00:00,134.19038702358955
2011-11-27 22:00:00,113.53423393653506
2011-11-27 23:00:00,81.2521699778792
2011-11-28 00:00:00,44.84511526551218
2011-11-28 01:00:00,12.874081738458385
2011-11-28 03:00:00,5.082020472145283
2011-11-28 04:00:00,6.023826370448005
2011-11-28 05:00:00,23.933646457511852
2011-11-28 06:00:00,100.95630839608678
2011-11-28 07:00:00,260.84000248659254
2011-11-28 08:00:00,382.4031812154739
2011-11-28 09:00:00,177.00648848228536
2011-11-28 10:00:00,123.42582651523868
2011-11-28 11:00:00,149.34011200814163
2011-11-28 12:00:00,203.59424232252715
2011-11-28 13:00:00,187.20143986987438
2011-11-28 14:00:00,184.472185254444
2011-11-28 15:00:00,187.82395905606472
2011-11-28 16:00:00,280.6128014053594
2011-11-28 17:00:00,549.6875442178382
2011-11-28 18:00:00,491.93178911940237
2011-11-28 19:00:00,316.0104008219339
2011-11-28 20:00:00,216.34074042486287
2011-11-28 21:00:00,152.03472721407076
2011-11-28 22:00:00,125.31910994859435
2011-11-28 23:00:00,73.08504273782357
2011-11-29 00:00:00,33.76220421260492
2011-11-29 01:00:00,14.938686637916728
2011-11-29 02:00:00,4.559698605600195
2011-11-29 03:00:00,3.915523851201436
2011-11-29 04:00:00,5.681223658166545
2011-11-29 05:00:00,19.847861644352434
2011-11-29 06:00:00,103.5043685739158
2011-11-29 07:00:00,291.0745378293
2011-11-29 08:00:00,448.19775279461055
2011-11-29 09:00:00,161.41345996317085
2011-11-29 10:00:00,98.44555847415052
2011-11-29 11:00:00,71.35031849165951
2011-11-29 12:00:00,79.19446557187551
2011-11-29 13:00:00,76.69862154477387
2011-11-29 14:00:00,70.52933027472021
2011-11-29 15:00:00,56.17165291980376
2011-11-29 16:00:00,92.9767712698625
2011-11-29 17:00:00,254.06211345246552
2011-11-29 18:00:00,291.9965899819448
2011-11-29 19:00:00,197.23252417377472
2011-11-29 20:00:00,135.28049830338867
2011-11-29 21:00:00,99.24494724035551
2011-11-29 22:00:00,98.47174616271606
2011-11-29 23:00:00,63.55971936641801
2011-11-30 00:00:00,39.9329328786575
2011-11-30 01:00:00,11.29040559774288
2011-11-30 02:00:00,6.8492076897787735
2011-11-30 03:00:00,3.9557343594590186
2011-11-30 04:00:00,5.207609574488765
2011-11-30 05:00:00,18.42887568136939
2011-11-30 06:00:00,75.74418569796761
2011-11-30 07:00:00,233.38152401402772
2011-11-30 08:00:00,357.5960259649958
2011-11-30 09:00:00,182.30235408831223
2011-11-30 10:00:00,114.14664542523815
2011-11-30 11:00:00,136.81842430956047
2011-11-30 12:00:00,152.9325506199052
2011-11-30 13:00:00,151.73202816751527
2011-11-30 14:00:00,143.527833336394
2011-11-30 15:00:00,159.33005137030122
2011-11-30 16:00:00,223.61047854865146
2011-11-30 17:00:00,387.89025614290676
2011-11-30 18:00:00,335.54559727173176
2011-11-30 19:00:00,230.96200787868318
2011-11-30 20:00:00,159.43126421500486
2011-11-30 21:00:00,130.2119080518636
2011-11-30 22:00:00,97.26475450888384
2011-11-30 23:00:00,64.63853180715034
2011-12-20 00:00:00,39.642894524766824
2011-12-20 01:00:00,15.65550030435558
2011-12-20 02:00:00,7.091288437815535
2011-12-20 03:00:00,4.817961712738281
2011-12-20 04:00:00,5.335515021125349
2011-12-20 05:00:00,22.85087977798229
2011-12-20 06:00:00,81.5616471055964
2011-12-20 07:00:00,252.22149179723894
2011-12-20 08:00:00,350.2691102705079
2011-12-20 09:00:00,209.55188533975968
2011-12-20 10:00:00,124.83477187001787
2011-12-20 11:00:00,137.16475112662465
2011-12-20 12:00:00,169.12918045819882
2011-12-20 13:00:00,152.2871494401732
2011-12-20 14:00:00,150.00316507206318
2011-12-20 15:00:00,144.02005900415028
2011-12-20 16:00:00,240.6907061391837
2011-12-20 17:00:00,447.81055112416703
2011-12-20 18:00:00,356.8054293907725
2011-12-20 19:00:00,243.77381731579044
2011-12-20 20:00:00,187.01078481052244
2011-12-20 21:00:00,143.18751190888474
2011-12-20 22:00:00,111.13914195601697
2011-12-20 23:00:00,82.27481272097084
2011-12-21 00:00:00,19.387020961249124
2011-12-21 01:00:00,7.627387399875991
2011-12-21 02:00:00,4.000628385686614
2011-12-21 03:00:00,2.856202868579043
2011-12-21 04:00:00,2.211546047262739
2011-12-21 05:00:00,8.672017421176868
2011-12-21 06:00:00,38.82235734646166
2011-12-21 07:00:00,145.4958402515768
2011-12-21 08:00:00,85.26257444411763
2011-12-21 09:00:00,141.9697395823696
2011-12-21 10:00:00,79.77597426787835
2011-12-21 11:00:00,87.40944195416235
2011-12-21 12:00:00,34.52443694168502
2011-12-21 13:00:00,25.016949724159257
2011-12-21 14:00:00,88.88222264243905
2011-12-21 15:00:00,81.44342661591676
2011-12-21 16:00:00,30.442633098574817
2011-12-21 17:00:00,77.51300234954167
2011-12-21 18:00:00,132.56528811890112
2011-12-21 19:00:00,126.19553123923328
2011-12-21 20:00:00,82.754687810706
2011-12-21 21:00:00,100.6321313884832
2011-12-21 22:00:00,82.61531006264742
2011-12-21 23:00:00,56.500109111314174
2011-12-22 00:00:00,19.64167571395825
2011-12-22 01:00:00,7.989197421615133
2011-12-22 02:00:00,4.827593902954293
2011-12-22 03:00:00,3.713927579519578
2011-12-22 04:00:00,2.465309344201292
2011-12-22 05:00:00,9.61396072717406
2011-12-22 06:00:00,40.43313022764736
2011-12-22 07:00:00,145.54240032241563
2011-12-22 08:00:00,222.2001731153219
2011-12-22 09:00:00,147.43882958265874
2011-12-22 10:00:00,68.82631754026734
2011-12-22 11:00:00,81.45600530068062
2011-12-22 12:00:00,138.39047246278392
2011-12-22 13:00:00,110.59528586123007
2011-12-22 14:00:00,107.22155763108532
2011-12-22 15:00:00,122.6052425041248
2011-12-22 16:00:00,147.68587909300345
2011-12-22 17:00:00,246.85800913057543
2011-12-22 18:00:00,279.38108324568475
2011-12-22 19:00:00,169.84320005579815
2011-12-22 20:00:00,57.44835694797094
2011-12-22 21:00:00,45.238129245155065
2011-12-22 22:00:00,26.920893875211394
2011-12-22 23:00:00,22.169754753859394
2011-12-23 00:00:00,9.568593867776439
2011-12-23 01:00:00,5.148603190943713
2011-12-23 02:00:00,3.58015758470931
2011-12-23 03:00:00,2.3942053449102128
2011-12-23 04:00:00,0.9160580880732396
2011-12-23 05:00:00,6.603989755999818
2011-12-23 06:00:00,49.31585290793114
2011-12-23 07:00:00,173.8026089625584
2011-12-23 08:00:00,312.4394818477093
2011-12-23 09:00:00,153.14714345729004
2011-12-23 10:00:00,68.57932689573266
2011-12-23 11:00:00,73.25433630863276
2011-12-23 12:00:00,76.21196883123173
2011-12-23 13:00:00,74.26465951048908
2011-12-23 14:00:00,74.53344858938534
2011-12-23 15:00:00,75.82008561944635
2011-12-23 16:00:00,107.29485736970507
2011-12-23 17:00:00,251.17467402801674
2011-12-23 18:00:00,234.57963382144555
2011-12-23 19:00:00,137.7247858120382
2011-12-23 20:00:00,88.49021434753453
2011-12-23 21:00:00,73.38273128732996
2011-12-23 22:00:00,57.849358562402585
2011-12-23 23:00:00,39.036434972178824
2011-12-24 00:00:00,39.8939752445066
2011-12-24 01:00:00,36.98923748107586
2011-12-24 02:00:00,25.4717557898442
2011-12-24 03:00:00,15.057196296115254
2011-12-24 04:00:00,3.8120277712527395
2011-12-24 05:00:00,2.1376592442276943
2011-12-24 06:00:00,4.892630492089574
2011-12-24 07:00:00,12.221214606038474
2011-12-24 08:00:00,41.52886375241489
2011-12-24 09:00:00,49.834428928043
2011-12-24 10:00:00,79.3947464819953
2011-12-24 11:00:00,105.13846055683405
2011-12-24 12:00:00,166.66014557881653
2011-12-24 13:00:00,152.19968890197075
2011-12-24 14:00:00,143.9255393208233
2011-12-24 15:00:00,131.83159292687753
2011-12-24 16:00:00,124.48947904193288
2011-12-24 17:00:00,103.74000241405064
2011-12-24 18:00:00,90.15085334932762
2011-12-24 19:00:00,64.49310031247036
2011-12-24 20:00:00,47.13637916133527
2011-12-24 21:00:00,41.798721861334116
2011-12-24 22:00:00,32.50439191568638
2011-12-24 23:00:00,25.714023185489253
2011-12-25 00:00:00,31.433871159765367
2011-12-25 01:00:00,30.793979075235324
2011-12-25 02:00:00,22.942372684090472
2011-12-25 03:00:00,11.101138325380312
2011-12-25 05:00:00,2.893556128234002
2011-12-25 06:00:00,2.857828317509171
2011-12-25 07:00:00,10.037937582788892
2011-12-25 08:00:00,27.848156844343844
2011-12-25 09:00:00,49.39435203067104
2011-12-25 10:00:00,71.12349165665779
2011-12-25 11:00:00,105.89407343074153
2011-12-25 12:00:00,127.65417500359266
2011-12-25 13:00:00,128.24662150331582
2011-12-25 14:00:00,108.84703813139012
2011-12-25 15:00:00,133.35413709413518
2011-12-25 16:00:00,134.39772911203423
2011-12-25 17:00:00,122.38209297497924
2011-12-25 18:00:00,92.49148214845768
2011-12-25 19:00:00,79.2314130702709
2011-12-25 20:00:00,62.209092879017504
2011-12-25 21:00:00,53.24203634974105
2011-12-25 22:00:00,41.26694922377306
2011-12-25 23:00:00,26.604858742341825
2011-12-26 00:00:00,41.657605806233256
2011-12-26 01:00:00,45.263103839568174
2011-12-26 02:00:00,16.971270253678785
2011-12-26 04:00:00,2.1985424180312263
2011-12-26 05:00:00,1.7606123167315975
2011-12-26 06:00:00,5.79852625423565
2011-12-26 07:00:00,13.797490502958675
2011-12-26 08:00:00,36.47851459877227
2011-12-26 09:00:00,44.510610646485524
2011-12-26 10:00:00,63.75781156711277
2011-12-26 11:00:00,66.99226489741613
2011-12-26 12:00:00,92.6403806558883
2011-12-26 13:00:00,138.88723333588086
2011-12-26 14:00:00,130.6330304470939
2011-12-26 15:00:00,123.97373129869897
2011-12-26 16:00:00,86.1061017263245
2011-12-26 17:00:00,89.7899688266664
2011-12-26 18:00:00,80.65174668304421
2011-12-26 19:00:00,87.35651089770143
2011-12-26 20:00:00,62.9176686486486
2011-12-26 21:00:00,45.54837469459245
2011-12-26 22:00:00,35.864858654987486
2011-12-26 23:00:00,44.369639953138716
2011-12-27 00:00:00,12.101541753919324
2011-12-27 01:00:00,5.387399279093203
2011-12-27 02:00:00,3.0857958901699796
2011-12-27 03:00:00,2.383267717529242
2011-12-27 04:00:00,1.9458438695357163
2011-12-27 05:00:00,7.200811412600984
2011-12-27 06:00:00,37.51581060780535
2011-12-27 07:00:00,122.2076235837625
2011-12-27 08:00:00,226.20277177313866
2011-12-27 09:00:00,74.2076514583387
2011-12-27 10:00:00,64.18943113075886
2011-12-27 11:00:00,41.56646533766701
2011-12-27 12:00:00,44.62628780548906
2011-12-27 13:00:00,33.272689078019035
2011-12-27 14:00:00,32.54846210006739
2011-12-27 15:00:00,30.750923945805713
2011-12-27 16:00:00,40.36538278539859
2011-12-27 17:00:00,141.4117854992884
2011-12-27 18:00:00,158.11524079022385
2011-12-27 19:00:00,116.23357030782375
2011-12-27 20:00:00,74.03793063961032
2011-12-27 21:00:00,68.09637321302705
2011-12-27 22:00:00,50.880514557432456
2011-12-27 23:00:00,29.471414889744107
2011-12-28 00:00:00,12.366539342918959
2011-12-28 01:00:00,7.193670456509414
2011-12-28 02:00:00,3.537262625162084
2011-12-28 03:00:00,3.401977619321775
2011-12-28 05:00:00,7.301715249364824
2011-12-28 06:00:00,44.23724369533343
2011-12-28 07:00:00,138.89697887583034
2011-12-28 08:00:00,254.1949452228813
2011-12-28 09:00:00,132.63934507881913
2011-12-28 10:00:00,64.22420839426348
2011-12-28 11:00:00,68.93812238086237
2011-12-28 12:00:00,72.31730663432289
2011-12-28 13:00:00,66.85973172048725
2011-12-28 14:00:00,65.58556211963146
2011-12-28 15:00:00,69.07565167801046
2011-12-28 16:00:00,84.89843829083847
2011-12-28 17:00:00,218.04769604018387
2011-12-28 18:00:00,172.61980121673434
2011-12-28 19:00:00,116.36503175748132
2011-12-28 20:00:00,76.76250675088704
2011-12-28 21:00:00,54.11459236941301
2011-12-28 22:00:00,39.7932927286372
2011-12-28 23:00:00,23.162706492085253
2011-12-29 00:00:00,9.250274285138874
2011-12-29 01:00:00,4.168972702560945
2011-12-29 02:00:00,2.4751681309827855
2011-12-29 03:00:00,1.638728367779335
2011-12-29 04:00:00,1.2269283675539358
2011-12-29 05:00:00,6.774093050423519
2011-12-29 06:00:00,34.03885605151606
2011-12-29 07:00:00,112.24040739520048
2011-12-29 08:00:00,253.18292601978945
2011-12-29 09:00:00,140.58703734723284
2011-12-29 10:00:00,50.34182914149377
2011-12-29 11:00:00,53.0320555586952
2011-12-29 12:00:00,63.844366389710686
2011-12-29 13:00:00,71.13811592776668
2011-12-29 14:00:00,65.73794873324898
2011-12-29 15:00:00,66.8759882688992
2011-12-29 16:00:00,94.80706503841395
2011-12-29 17:00:00,223.3582050535443
2011-12-29 18:00:00,210.43353323920772
2011-12-29 19:00:00,127.08975658991824
2011-12-29 20:00:00,91.95105302508077
2011-12-29 21:00:00,70.37225456778842
2011-12-29 22:00:00,55.987065694533385
2011-12-29 23:00:00,32.69928214887414
2011-12-30 00:00:00,16.027631515389054
2011-12-30 01:00:00,5.089368671912635
2011-12-30 02:00:00,3.0254665281719673
2011-12-30 03:00:00,2.7012510596199286
2011-12-30 04:00:00,1.6129326958971397
2011-12-30 05:00:00,7.38193070753495
2011-12-30 06:00:00,39.60104865330485
2011-12-30 07:00:00,138.58455776193549
2011-12-30 08:00:00,268.05154966253707
2011-12-30 09:00:00,147.37004319198053
2011-12-30 10:00:00,64.81744051765052
2011-12-30 11:00:00,72.80962912944995
2011-12-30 12:00:00,83.58114374952233
2011-12-30 13:00:00,77.79428004392669
2011-12-30 14:00:00,77.34477668618935
2011-12-30 15:00:00,89.98638432959183
2011-12-30 16:00:00,121.41752829206517
2011-12-30 17:00:00,286.2232559487613
2011-12-30 18:00:00,245.84539525288898
2011-12-30 19:00:00,120.24970539594806
2011-12-30 20:00:00,96.68089885163775
2011-12-30 21:00:00,80.41374718156675
2011-12-30 22:00:00,59.28771731506787
2011-12-30 23:00:00,35.68129096255328
2011-12-31 00:00:00,42.160386436766714
2011-12-31 01:00:00,37.9506111179162
2011-12-31 02:00:00,25.67952262654684
2011-12-31 03:00:00,12.642090046656543
2011-12-31 04:00:00,2.9529909039711346
2011-12-31 05:00:00,3.430869284538531
2011-12-31 06:00:00,8.486962037078323
2011-12-31 07:00:00,12.155306442192963
2011-12-31 08:00:00,45.09535408450889
2011-12-31 09:00:00,72.10508582183012
2011-12-31 10:00:00,106.49965879051423
2011-12-31 11:00:00,135.33317703141
2011-12-31 12:00:00,270.70964988157436
2011-12-31 13:00:00,246.32426069512587
2011-12-31 14:00:00,197.2792473756654
2011-12-31 15:00:00,198.16867840576148
2011-12-31 16:00:00,136.49816593669314
2011-12-31 17:00:00,152.21069306771537
2011-12-31 18:00:00,136.2738618125029
2011-12-31 19:00:00,99.99351627442368
2011-12-31 20:00:00,77.25787619339246
2011-12-31 21:00:00,67.90267858795008
2011-12-31 22:00:00,56.86904433193598
2011-12-31 23:00:00,35.4321158491259
2012-01-20 00:00:00,18.319817979198067
2012-01-20 01:00:00,7.381449882797927
2012-01-20 02:00:00,5.339803600880536
2012-01-20 03:00:00,4.877124132843513
2012-01-20 04:00:00,3.251039866914776
2012-01-20 05:00:00,18.84377361488782
2012-01-20 06:00:00,79.15377642790942
2012-01-20 07:00:00,237.59252294776854
2012-01-20 08:00:00,428.80951403420187
2012-01-20 09:00:00,202.93890921888203
2012-01-20 10:00:00,107.75955260110804
2012-01-20 11:00:00,102.10617362556829
2012-01-20 12:00:00,121.33688115714487
2012-01-20 13:00:00,136.67705152503112
2012-01-20 14:00:00,116.23517762584089
2012-01-20 15:00:00,119.9065251543001
2012-01-20 16:00:00,160.49267126744365
2012-01-20 17:00:00,241.57167837497644
2012-01-20 18:00:00,246.19815111095397
2012-01-20 19:00:00,197.86624338442186
2012-01-20 20:00:00,135.65962419790975
2012-01-20 21:00:00,110.04328698671118
2012-01-20 22:00:00,74.75009107914632
2012-01-20 23:00:00,31.700102745760702
2012-01-21 00:00:00,34.59214127587795
2012-01-21 01:00:00,26.288876892478875
2012-01-21 02:00:00,18.1658980463047
2012-01-21 03:00:00,9.153664476105456
2012-01-21 04:00:00,3.2568267840121026
2012-01-21 05:00:00,4.071089538424066
2012-01-21 06:00:00,8.407553568469675
2012-01-21 07:00:00,19.00202605086358
2012-01-21 08:00:00,50.58084992628149
2012-01-21 09:00:00,76.97169352794742
2012-01-21 10:00:00,65.4469256380055
2012-01-21 11:00:00,124.43827533524946
2012-01-21 12:00:00,192.28019098754365
2012-01-21 13:00:00,166.49335463283214
2012-01-21 14:00:00,101.92444651590475
2012-01-21 15:00:00,148.88246841927213
2012-01-21 16:00:00,161.46484550790368
2012-01-21 17:00:00,120.83744439848877
2012-01-21 18:00:00,113.83526424824356
2012-01-21 19:00:00,101.54690949858364
2012-01-21 20:00:00,84.97883093723554
2012-01-21 21:00:00,66.19756062356322
2012-01-21 22:00:00,58.89904687435754
2012-01-21 23:00:00,40.04869177946652
2012-01-22 00:00:00,41.377524598857256
2012-01-22 01:00:00,38.69967178124698
2012-01-22 02:00:00,29.757384582261942
2012-01-22 03:00:00,12.888764397540363
2012-01-22 04:00:00,3.023282515810764
2012-01-22 05:00:00,5.2773529530723415
2012-01-22 06:00:00,10.474832884828468
2012-01-22 07:00:00,26.85788218171362
2012-01-22 08:00:00,72.93633073246347
2012-01-22 09:00:00,114.95918944964558
2012-01-22 10:00:00,129.27731282810984
2012-01-22 11:00:00,98.6432365915387
2012-01-22 12:00:00,185.71150886644728
2012-01-22 13:00:00,202.3509207417216
2012-01-22 14:00:00,158.9134258215309
2012-01-22 15:00:00,217.0596418184878
2012-01-22 16:00:00,184.20395550062054
2012-01-22 17:00:00,147.92714898452297
2012-01-22 18:00:00,78.9706010109761
2012-01-22 19:00:00,80.50667182100227
2012-01-22 20:00:00,62.85359688691756
2012-01-22 21:00:00,45.10515963044392
2012-01-22 22:00:00,50.98600881934127
2012-01-22 23:00:00,30.80216286314136
2012-01-23 00:00:00,15.085178198066718
2012-01-23 01:00:00,7.6767096422851555
2012-01-23 02:00:00,4.069897650005015
2012-01-23 03:00:00,2.8687730763861286
2012-01-23 04:00:00,2.5431786799239346
2012-01-23 05:00:00,15.239184349010372
2012-01-23 06:00:00,61.57885677079949
2012-01-23 07:00:00,115.57576022668381
2012-01-23 08:00:00,218.2403443276736
2012-01-23 09:00:00,203.2906185647342
2012-01-23 10:00:00,77.89389515677132
2012-01-23 11:00:00,92.36011480587771
2012-01-23 12:00:00,72.93440466079272
2012-01-23 13:00:00,54.308758066996155
2012-01-23 14:00:00,62.65045271459185
2012-01-23 15:00:00,82.78138258601315
2012-01-23 16:00:00,141.52337728995934
2012-01-23 17:00:00,208.70723175767037
2012-01-23 18:00:00,218.32615173736775
2012-01-23 19:00:00,165.82720227330194
2012-01-23 20:00:00,118.39423199290846
2012-01-23 21:00:00,92.21940139649891
2012-01-23 22:00:00,70.5607215841447
2012-01-23 23:00:00,27.513356637598317
2012-01-24 00:00:00,11.243904518152025
2012-01-24 01:00:00,6.030173313432715
2012-01-24 02:00:00,3.508133642174079
2012-01-24 03:00:00,2.2347083831899432
2012-01-24 04:00:00,1.986585898793765
2012-01-24 05:00:00,10.82001602413709
2012-01-24 06:00:00,48.57410961625644
2012-01-24 07:00:00,174.65531308490475
2012-01-24 08:00:00,235.98067249513804
2012-01-24 09:00:00,156.93958941094874
2012-01-24 10:00:00,88.50323287603626
2012-01-24 11:00:00,104.32643549484114
2012-01-24 12:00:00,95.98966769050517
2012-01-24 13:00:00,114.12892563560123
2012-01-24 14:00:00,134.17472886812817
2012-01-24 15:00:00,139.222856724145
2012-01-24 16:00:00,254.33900684047617
2012-01-24 17:00:00,394.1423643413121
2012-01-24 18:00:00,415.7595413518475
2012-01-24 19:00:00,289.80296409400165
2012-01-24 20:00:00,178.2127957774821
2012-01-24 21:00:00,166.23973450843667
2012-01-24 22:00:00,112.81184452784092
2012-01-24 23:00:00,63.22695235708997
2012-01-25 00:00:00,14.16942621783457
2012-01-25 01:00:00,9.634371166173374
2012-01-25 02:00:00,5.318387611652269
2012-01-25 03:00:00,4.283441967216356
2012-01-25 04:00:00,3.204984157313702
2012-01-25 05:00:00,20.23584941430994
2012-01-25 06:00:00,82.60863324986836
2012-01-25 07:00:00,251.11062065594805
2012-01-25 08:00:00,431.7638580264805
2012-01-25 09:00:00,213.9716851481887
2012-01-25 10:00:00,113.46345152862746
2012-01-25 11:00:00,106.83703331529935
2012-01-25 12:00:00,161.75314742394372
2012-01-25 13:00:00,161.47578117363543
2012-01-25 14:00:00,154.16605744558052
2012-01-25 15:00:00,168.29438335335698
2012-01-25 16:00:00,208.58047205820031
2012-01-25 17:00:00,404.0519531015376
2012-01-25 18:00:00,292.4015978284275
2012-01-25 19:00:00,209.29235775634413
2012-01-25 20:00:00,172.13463759527167
2012-01-25 21:00:00,138.72813777163628
2012-01-25 22:00:00,107.27902511201161
2012-01-25 23:00:00,41.33876312045351
2012-01-26 00:00:00,20.249997560952345
2012-01-26 01:00:00,7.513811878523045
2012-01-26 02:00:00,5.852560954203174
2012-01-26 03:00:00,3.1553920382051874
2012-01-26 04:00:00,3.5585656600499505
2012-01-26 05:00:00,15.75641077891402
2012-01-26 06:00:00,74.21958370353805
2012-01-26 07:00:00,239.2487938766796
2012-01-26 08:00:00,298.1582930798374
2012-01-26 09:00:00,177.45768908013545
2012-01-26 10:00:00,104.89465137885159
2012-01-26 11:00:00,94.40207562769322
2012-01-26 12:00:00,121.14712830855628
2012-01-26 13:00:00,146.18008538788757
2012-01-26 14:00:00,142.64483049506978
2012-01-26 15:00:00,143.32065763192276
2012-01-26 16:00:00,212.55101814245737
2012-01-26 17:00:00,308.7939990984498
2012-01-26 18:00:00,332.4926377481216
2012-01-26 19:00:00,242.93051445208854
2012-01-26 20:00:00,153.84482188374304
2012-01-26 21:00:00,132.7176348466068
2012-01-26 22:00:00,119.39983051810962
2012-01-26 23:00:00,51.428360264393305
2012-01-27 00:00:00,19.44706606324578
2012-01-27 01:00:00,7.014359325016361
2012-01-27 02:00:00,7.1792185728925695
2012-01-27 03:00:00,2.764335211730955
2012-01-27 04:00:00,1.8923018419149948
2012-01-27 05:00:00,10.09744501084955
2012-01-27 06:00:00,53.393623838018776
2012-01-27 07:00:00,139.49238624845518
2012-01-27 08:00:00,111.18865691270479
2012-01-27 09:00:00,67.57462853591136
2012-01-27 10:00:00,46.708502922179896
2012-01-27 11:00:00,88.8109011169087
2012-01-27 12:00:00,92.2569939784019
2012-01-27 13:00:00,178.0431471519097
2012-01-27 14:00:00,175.30467064063473
2012-01-27 15:00:00,160.55743833277563
2012-01-27 16:00:00,215.0818137593688
2012-01-27 17:00:00,361.96936873048344
2012-01-27 18:00:00,369.1070290649985
2012-01-27 19:00:00,242.18640108911276
2012-01-27 20:00:00,162.1341514029637
2012-01-27 21:00:00,128.3465793412881
2012-01-27 22:00:00,95.5896653348215
2012-01-27 23:00:00,52.2376220565545
2012-01-28 00:00:00,44.7548315937308
2012-01-28 01:00:00,39.93964298670817
2012-01-28 02:00:00,32.87838785711861
2012-01-28 03:00:00,18.759554703500086
2012-01-28 04:00:00,5.047835875993593
2012-01-28 05:00:00,5.463523304683974
2012-01-28 06:00:00,8.444164985433448
2012-01-28 07:00:00,25.32585471572368
2012-01-28 08:00:00,74.7237255808261
2012-01-28 09:00:00,112.32430845534321
2012-01-28 10:00:00,146.19929289173515
2012-01-28 11:00:00,198.26968238578817
2012-01-28 12:00:00,212.2236208519811
2012-01-28 13:00:00,269.2708162564272
2012-01-28 14:00:00,235.49392800745946
2012-01-28 15:00:00,287.33969074049924
2012-01-28 16:00:00,309.8633388520217
2012-01-28 17:00:00,269.7366788682031
2012-01-28 18:00:00,241.41557213020857
2012-01-28 19:00:00,161.3919805061679
2012-01-28 20:00:00,149.32868344579893
2012-01-28 21:00:00,96.40863898847482
2012-01-28 22:00:00,92.61949099617365
2012-01-28 23:00:00,62.10556891218935
2012-01-29 00:00:00,51.712356794528965
2012-01-29 01:00:00,35.8057604687314
2012-01-29 02:00:00,32.32638097795602
2012-01-29 03:00:00,16.617693565709477
2012-01-29 04:00:00,5.002254305732295
2012-01-29 05:00:00,4.492102403333612
2012-01-29 06:00:00,9.978365972242585
2012-01-29 07:00:00,27.739191786815336
2012-01-29 08:00:00,65.92762786957468
2012-01-29 09:00:00,98.86851845882266
2012-01-29 10:00:00,156.06680119487032
2012-01-29 11:00:00,200.46292250353338
2012-01-29 12:00:00,282.42394637878294
2012-01-29 13:00:00,307.6111754876692
2012-01-29 14:00:00,248.0634625818639
2012-01-29 15:00:00,293.3886280409933
2012-01-29 16:00:00,266.34854779759144
2012-01-29 17:00:00,235.6032157020342
2012-01-29 18:00:00,175.48610967462216
2012-01-29 19:00:00,159.40634805485868
2012-01-29 20:00:00,119.84917555802585
2012-01-29 21:00:00,82.69600781844991
2012-01-29 22:00:00,80.79011799023016
2012-01-29 23:00:00,43.83755929684144
2012-01-30 00:00:00,21.55303690715031
2012-01-30 01:00:00,6.603891581527071
2012-01-30 02:00:00,4.95920521665434
2012-01-30 03:00:00,2.879253226218615
2012-01-30 04:00:00,2.6741607915701335
2012-01-30 05:00:00,15.924284492099357
2012-01-30 06:00:00,73.74147085774399
2012-01-30 07:00:00,198.72235002216718
2012-01-30 08:00:00,391.5700179067352
2012-01-30 09:00:00,195.297843915043
2012-01-30 10:00:00,116.18622159566024
2012-01-30 11:00:00,121.63672697985012
2012-01-30 12:00:00,159.84742926239986
2012-01-30 13:00:00,154.05642515824397
2012-01-30 14:00:00,149.1378795952389
2012-01-30 15:00:00,153.20378960188447
2012-01-30 16:00:00,209.8667266341317
2012-01-30 17:00:00,408.5409803222145
2012-01-30 18:00:00,332.65790661883585
2012-01-30 19:00:00,219.47500875929032
2012-01-30 20:00:00,164.68294040377938
2012-01-30 21:00:00,130.83552327422493
2012-01-30 22:00:00,96.71544834061498
2012-01-30 23:00:00,43.80274646743902
2012-01-31 00:00:00,19.12582702571547
2012-01-31 01:00:00,6.754202298323884
2012-01-31 02:00:00,5.892687015258038
2012-01-31 03:00:00,4.005743942303287
2012-01-31 04:00:00,2.932909303135114
2012-01-31 05:00:00,17.73887075602865
2012-01-31 06:00:00,77.25438148511861
2012-01-31 07:00:00,198.30008199136387
2012-01-31 08:00:00,408.8275964372016
2012-01-31 09:00:00,189.7788637145705
2012-01-31 10:00:00,104.62701801907123
2012-01-31 11:00:00,167.2256719889267
2012-01-31 12:00:00,179.65728932862615
2012-01-31 13:00:00,207.4935767316376
2012-01-31 14:00:00,177.2493212639031
2012-01-31 15:00:00,182.9180803125766
2012-01-31 16:00:00,269.4322822049197
2012-01-31 17:00:00,522.3328852043198
2012-01-31 18:00:00,453.3614424492627
2012-01-31 19:00:00,355.6248780975534
2012-01-31 20:00:00,209.13533334515537
2012-01-31 21:00:00,160.4628143957746
2012-01-31 22:00:00,113.7502482819983
2012-01-31 23:00:00,75.59414405761821
2012-02-20 00:00:00,95.04335783839439
2012-02-20 01:00:00,87.3466212044245
2012-02-20 02:00:00,60.12085800780507
2012-02-20 03:00:00,13.040212664098092
2012-02-20 05:00:00,4.404496834615841
2012-02-20 06:00:00,7.143392047486609
2012-02-20 07:00:00,32.73251798383197
2012-02-20 08:00:00,77.8101809585268
2012-02-20 09:00:00,120.3775740155197
2012-02-20 10:00:00,164.90869421573333
2012-02-20 11:00:00,190.74798470898548
2012-02-20 12:00:00,253.06316348137412
2012-02-20 13:00:00,213.6367241395397
2012-02-20 14:00:00,162.59865764087388
2012-02-20 15:00:00,212.587376450666
2012-02-20 16:00:00,263.6310945804971
2012-02-20 17:00:00,199.08400311857022
2012-02-20 18:00:00,139.42065156887801
2012-02-20 19:00:00,122.90025237757129
2012-02-20 20:00:00,96.40993125597197
2012-02-20 21:00:00,88.76567922965062
2012-02-20 22:00:00,75.67058366794393
2012-02-20 23:00:00,46.32731559168407
2012-02-21 00:00:00,23.846300728416715
2012-02-21 01:00:00,7.840467014873257
2012-02-21 02:00:00,3.919103774163771
2012-02-21 04:00:00,2.1266794399860367
2012-02-21 05:00:00,17.402343927163166
2012-02-21 06:00:00,83.11979791911372
2012-02-21 07:00:00,232.14113094182593
2012-02-21 08:00:00,476.3086329633207
2012-02-21 09:00:00,253.4062026361402
2012-02-21 10:00:00,120.69947244895171
2012-02-21 11:00:00,118.29589624572485
2012-02-21 12:00:00,159.5496377670345
2012-02-21 13:00:00,164.4951321930201
2012-02-21 14:00:00,148.66186169097358
2012-02-21 15:00:00,153.08427754473965
2012-02-21 16:00:00,224.7479894697138
2012-02-21 17:00:00,455.28580626324214
2012-02-21 18:00:00,417.0419921794409
2012-02-21 19:00:00,243.6929529308403
2012-02-21 20:00:00,179.72113972148588
2012-02-21 21:00:00,158.4751349994033
2012-02-21 22:00:00,114.88866973812415
2012-02-21 23:00:00,63.03741652050576
2012-02-22 00:00:00,28.67504633874412
2012-02-22 01:00:00,11.424482604214116
2012-02-22 02:00:00,4.402657294090801
2012-02-22 03:00:00,2.749280588418056
2012-02-22 04:00:00,2.58910837515149
2012-02-22 05:00:00,19.05549162518593
2012-02-22 06:00:00,97.03911934459252
2012-02-22 07:00:00,328.2511775425147
2012-02-22 08:00:00,423.43535140428475
2012-02-22 09:00:00,276.31717982590897
2012-02-22 10:00:00,144.92644144920285
2012-02-22 11:00:00,164.08564954384377
2012-02-22 12:00:00,190.0850027714175
2012-02-22 13:00:00,191.09753848136276
2012-02-22 14:00:00,177.5697214325432
2012-02-22 15:00:00,193.13693375736423
2012-02-22 16:00:00,282.00802099982303
2012-02-22 17:00:00,549.6809379306648
2012-02-22 18:00:00,493.7003894619178
2012-02-22 19:00:00,286.3559440292983
2012-02-22 20:00:00,203.0291197794631
2012-02-22 21:00:00,185.0033474119771
2012-02-22 22:00:00,123.10833762455046
2012-02-22 23:00:00,73.99057347614205
2012-02-23 00:00:00,30.705566919643406
2012-02-23 01:00:00,11.449911219115975
2012-02-23 02:00:00,6.2567836583334255
2012-02-23 03:00:00,1.987794338469063
2012-02-23 04:00:00,2.592997177742477
2012-02-23 05:00:00,19.538313785487475
2012-02-23 06:00:00,105.85027729311543
2012-02-23 07:00:00,292.3660331480944
2012-02-23 08:00:00,511.7449441507199
2012-02-23 09:00:00,240.67500041536144
2012-02-23 10:00:00,146.35982297966862
2012-02-23 11:00:00,181.52070820155433
2012-02-23 12:00:00,214.977475288477
2012-02-23 13:00:00,216.6433527038235
2012-02-23 14:00:00,196.71782280502165
2012-02-23 15:00:00,200.41911813500678
2012-02-23 16:00:00,311.8795984385837
2012-02-23 17:00:00,564.2495098744463
2012-02-23 18:00:00,510.2226184299289
2012-02-23 19:00:00,351.233237623872
2012-02-23 20:00:00,226.80657015712836
2012-02-23 21:00:00,172.8191964467327
2012-02-23 22:00:00,131.1227046656144
2012-02-23 23:00:00,84.82025485487571
2012-02-24 00:00:00,36.33505226111576
2012-02-24 01:00:00,14.11735508000701
2012-02-24 02:00:00,5.045557105467281
2012-02-24 03:00:00,3.853743426767073
2012-02-24 04:00:00,3.263459801183802
2012-02-24 05:00:00,20.25030107219416
2012-02-24 06:00:00,112.76079601029085
2012-02-24 07:00:00,283.6558180765611
2012-02-24 08:00:00,514.1257945190061
2012-02-24 09:00:00,112.61633980364353
2012-02-24 10:00:00,79.85655248926341
2012-02-24 11:00:00,139.20731954502477
2012-02-24 12:00:00,183.8752596038278
2012-02-24 13:00:00,188.03346814458163
2012-02-24 14:00:00,187.03178954165696
2012-02-24 15:00:00,87.95012263705092
2012-02-24 16:00:00,121.64414600339317
2012-02-24 17:00:00,216.77465372236907
2012-02-24 18:00:00,313.49969403474523
2012-02-24 19:00:00,303.8567814947883
2012-02-24 20:00:00,216.06350734211753
2012-02-24 21:00:00,159.64432716224601
2012-02-24 22:00:00,110.80168753710622
2012-02-24 23:00:00,64.78824969720642
2012-02-25 00:00:00,65.14214849312528
2012-02-25 01:00:00,49.87850498437205
2012-02-25 02:00:00,36.09580976484284
2012-02-25 03:00:00,13.050497056860555
2012-02-25 04:00:00,4.402658802272343
2012-02-25 05:00:00,3.9372721333653535
2012-02-25 06:00:00,10.48005388197078
2012-02-25 07:00:00,43.24170027334518
2012-02-25 08:00:00,65.07726950892105
2012-02-25 09:00:00,62.81218655564881
2012-02-25 10:00:00,166.83449241065935
2012-02-25 11:00:00,200.25774300913562
2012-02-25 12:00:00,288.71561214131617
2012-02-25 13:00:00,293.90160379449645
2012-02-25 14:00:00,237.30729390682626
2012-02-25 15:00:00,270.37806041206244
2012-02-25 16:00:00,259.300244394181
2012-02-25 17:00:00,187.83870697558416
2012-02-25 18:00:00,155.56593387281384
2012-02-25 19:00:00,114.1862130186229
2012-02-25 20:00:00,103.97129334311137
2012-02-25 21:00:00,71.43792863994221
2012-02-25 22:00:00,59.055160871555955
2012-02-25 23:00:00,38.70536472827036
2012-02-26 00:00:00,46.31822382096812
2012-02-26 01:00:00,38.82534888972155
2012-02-26 02:00:00,31.173053481384088
2012-02-26 03:00:00,12.77783834889301
2012-02-26 04:00:00,3.6646094730615424
2012-02-26 05:00:00,3.2861014294633124
2012-02-26 06:00:00,7.0796305683466585
2012-02-26 07:00:00,25.81929158333785
2012-02-26 08:00:00,60.51814675113952
2012-02-26 09:00:00,98.88076982169154
2012-02-26 10:00:00,164.99279863808894
2012-02-26 11:00:00,193.2262721263194
2012-02-26 12:00:00,279.8162782369434
2012-02-26 13:00:00,350.187403572405
2012-02-26 14:00:00,275.5808631283755
2012-02-26 15:00:00,364.35138714136394
2012-02-26 16:00:00,297.220196786361
2012-02-26 17:00:00,249.39119067151924
2012-02-26 18:00:00,193.87621127190806
2012-02-26 19:00:00,161.02963868274688
2012-02-26 20:00:00,139.6726945017005
2012-02-26 21:00:00,94.12624941378718
2012-02-26 22:00:00,80.92475621153974
2012-02-26 23:00:00,48.35978003117337
2012-02-27 00:00:00,21.103352161422496
2012-02-27 01:00:00,8.676578013776927
2012-02-27 02:00:00,4.8505929090635
2012-02-27 03:00:00,2.8717832003499355
2012-02-27 04:00:00,2.3494036798721085
2012-02-27 05:00:00,16.7143336815974
2012-02-27 06:00:00,86.66826989079101
2012-02-27 07:00:00,222.18726120549752
2012-02-27 08:00:00,459.4736976055741
2012-02-27 09:00:00,227.66060153737817
2012-02-27 10:00:00,131.62123084448496
2012-02-27 11:00:00,154.47295124746208
2012-02-27 12:00:00,191.14377411254034
2012-02-27 13:00:00,179.9221751727782
2012-02-27 14:00:00,182.31276395636394
2012-02-27 15:00:00,197.1994082147774
2012-02-27 16:00:00,282.69491672491296
2012-02-27 17:00:00,552.5435092127796
2012-02-27 18:00:00,467.3738774214656
2012-02-27 19:00:00,322.4864211556378
2012-02-27 20:00:00,228.91320153295786
2012-02-27 21:00:00,176.5439455388827
2012-02-27 22:00:00,126.25808677286456
2012-02-27 23:00:00,76.45030005064261
2012-02-28 00:00:00,36.03791221362811
2012-02-28 01:00:00,14.860834526141309
2012-02-28 02:00:00,7.007854558844668
2012-02-28 03:00:00,3.00726599083509
2012-02-28 04:00:00,2.3491223744244447
2012-02-28 05:00:00,16.258161759344066
2012-02-28 06:00:00,78.89506344482865
2012-02-28 07:00:00,210.99912386859054
2012-02-28 08:00:00,420.2019310037146
2012-02-28 09:00:00,202.50801654840822
2012-02-28 10:00:00,129.07702448386556
2012-02-28 11:00:00,150.15714098627478
2012-02-28 12:00:00,186.01003074740166
2012-02-28 13:00:00,181.9908793409352
2012-02-28 14:00:00,167.1195270835032
2012-02-28 15:00:00,187.20147800609294
2012-02-28 16:00:00,262.1243877949117
2012-02-28 17:00:00,435.5434657411075
2012-02-28 18:00:00,391.55952070099374
2012-02-28 19:00:00,287.12593497295217
2012-02-28 20:00:00,197.1551837078891
2012-02-28 21:00:00,154.0550883710383
2012-02-28 22:00:00,110.06563255614395
2012-02-28 23:00:00,62.60555984626707
2012-02-29 00:00:00,30.157705345065555
2012-02-29 01:00:00,10.518205805871474
2012-02-29 02:00:00,5.1684279177940144
2012-02-29 03:00:00,2.702441687624222
2012-02-29 05:00:00,17.792324709210785
2012-02-29 06:00:00,87.75613568545629
2012-02-29 07:00:00,258.1066312909214
2012-02-29 08:00:00,387.4039820047477
2012-02-29 09:00:00,128.2838289010748
2012-02-29 10:00:00,73.35172189835241
2012-02-29 11:00:00,90.25516137501252
2012-02-29 12:00:00,64.34353622338546
2012-02-29 13:00:00,133.3233841831715
2012-02-29 14:00:00,131.4352323699788
2012-02-29 15:00:00,137.40254072875217
2012-02-29 16:00:00,103.18801082858685
2012-02-29 17:00:00,408.2134711714079
2012-02-29 18:00:00,268.1008087126032
2012-02-29 19:00:00,278.1047753597388
2012-02-29 20:00:00,137.48824610644024
2012-02-29 21:00:00,107.69790366412495
2012-02-29 22:00:00,63.43811888982741
2012-02-29 23:00:00,38.344037588384786
2012-03-20 00:00:00,32.98928712691751
2012-03-20 01:00:00,15.930983654451104
2012-03-20 02:00:00,7.750833208735218
2012-03-20 03:00:00,4.278406956401979
2012-03-20 04:00:00,3.86869506434327
2012-03-20 05:00:00,17.835088959351864
2012-03-20 06:00:00,111.83748056314634
2012-03-20 07:00:00,121.37392727792495
2012-03-20 08:00:00,463.98042941788464
2012-03-20 09:00:00,278.3212631917497
2012-03-20 10:00:00,162.37065131436714
2012-03-20 11:00:00,194.55852482363315
2012-03-20 12:00:00,236.56526862306694
2012-03-20 13:00:00,211.47220617884102
2012-03-20 14:00:00,210.4064510151707
2012-03-20 15:00:00,219.09123742149853
2012-03-20 16:00:00,302.6195437929637
2012-03-20 17:00:00,510.360479516627
2012-03-20 18:00:00,546.0440614794118
2012-03-20 19:00:00,405.8146604118788
2012-03-20 20:00:00,291.7056168148874
2012-03-20 21:00:00,241.51016984487381
2012-03-20 22:00:00,161.2570134788414
2012-03-20 23:00:00,91.29956009255501
2012-03-21 00:00:00,49.71311968103885
2012-03-21 01:00:00,21.120616109940922
2012-03-21 02:00:00,7.395213788932081
2012-03-21 03:00:00,3.7415397623813558
2012-03-21 04:00:00,5.689304030118334
2012-03-21 05:00:00,28.32745836139429
2012-03-21 06:00:00,97.6242871999362
2012-03-21 07:00:00,122.07417216281027
2012-03-21 08:00:00,279.11432269194506
2012-03-21 09:00:00,275.02087661830467
2012-03-21 10:00:00,159.03739164201133
2012-03-21 11:00:00,171.84368910996207
2012-03-21 12:00:00,221.58322635983492
2012-03-21 13:00:00,178.47990610248124
2012-03-21 14:00:00,201.32762383787895
2012-03-21 15:00:00,199.58818879794268
2012-03-21 16:00:00,385.8181843751393
2012-03-21 17:00:00,654.5102884354951
2012-03-21 18:00:00,685.4627286104216
2012-03-21 19:00:00,545.8336817475557
2012-03-21 20:00:00,290.14943053420546
2012-03-21 21:00:00,214.64532613677957
2012-03-21 22:00:00,172.19825719943415
2012-03-21 23:00:00,117.06277363627618
2012-03-22 00:00:00,51.26784278097058
2012-03-22 01:00:00,21.120616109940922
2012-03-22 02:00:00,8.867936958000245
2012-03-22 03:00:00,5.793542154932939
2012-03-22 04:00:00,5.0624250419231505
2012-03-22 05:00:00,22.898445387952524
2012-03-22 06:00:00,96.87742104346248
2012-03-22 07:00:00,295.6722745741222
2012-03-22 08:00:00,602.4004574163193
2012-03-22 09:00:00,229.40463782852063
2012-03-22 10:00:00,118.25365782933287
2012-03-22 11:00:00,141.83513814534945
2012-03-22 12:00:00,165.00333763534536
2012-03-22 13:00:00,218.86036704586516
2012-03-22 14:00:00,259.739710847291
2012-03-22 15:00:00,259.54627368588206
2012-03-22 16:00:00,376.7925955142872
2012-03-22 17:00:00,715.3999644990574
2012-03-22 18:00:00,790.8907470080114
2012-03-22 19:00:00,574.1480525798078
2012-03-22 20:00:00,322.59977105973076
2012-03-22 21:00:00,232.47712872810956
2012-03-22 22:00:00,170.37393491306048
2012-03-22 23:00:00,116.13932632792186
2012-03-23 00:00:00,52.54957947625024
2012-03-23 01:00:00,20.389416188214238
2012-03-23 02:00:00,8.714412090483798
2012-03-23 03:00:00,5.656913361732304
2012-03-23 04:00:00,6.132093913785193
2012-03-23 05:00:00,23.084931182863876
2012-03-23 06:00:00,112.4460958880762
2012-03-23 07:00:00,290.51669074022516
2012-03-23 08:00:00,617.9596920255032
2012-03-23 09:00:00,288.99127418148305
2012-03-23 10:00:00,151.6976691586195
2012-03-23 11:00:00,212.64986714333614
2012-03-23 12:00:00,283.1591580048591
2012-03-23 13:00:00,302.40036117754556
2012-03-23 14:00:00,283.4002269070384
2012-03-23 15:00:00,302.37458547703466
2012-03-23 16:00:00,452.3145361151092
2012-03-23 17:00:00,769.7144589313024
2012-03-23 18:00:00,827.3545022399428
2012-03-23 19:00:00,587.4763530217402
2012-03-23 20:00:00,431.1070309015609
2012-03-23 21:00:00,298.7110783050986
2012-03-23 22:00:00,201.53449757335136
2012-03-23 23:00:00,123.36119922230007
2012-03-24 00:00:00,121.9783271090139
2012-03-24 01:00:00,114.87073136649241
2012-03-24 02:00:00,80.14080920236513
2012-03-24 03:00:00,35.757092220892595
2012-03-24 04:00:00,12.19367251526058
2012-03-24 05:00:00,13.447509943348775
2012-03-24 06:00:00,26.512306536988252
2012-03-24 07:00:00,52.537774262592464
2012-03-24 08:00:00,117.92131577420622
2012-03-24 09:00:00,233.93850198984492
2012-03-24 10:00:00,245.51506724906045
2012-03-24 11:00:00,219.59590121429187
2012-03-24 12:00:00,153.09807910089629
2012-03-24 13:00:00,152.80284226787714
2012-03-24 14:00:00,119.37982710156835
2012-03-24 15:00:00,129.46488667101195
2012-03-24 16:00:00,125.40291887401904
2012-03-24 17:00:00,179.98276030645414
2012-03-24 18:00:00,145.43251141363316
2012-03-24 19:00:00,130.58913538478996
2012-03-24 20:00:00,93.52373562329932
2012-03-24 21:00:00,74.43954496120095
2012-03-24 22:00:00,63.04327841516508
2012-03-24 23:00:00,91.49364269288763
2012-03-25 00:00:00,77.58026175224036
2012-03-25 01:00:00,70.21102277199542
2012-03-25 02:00:00,32.79669967698022
2012-03-25 03:00:00,13.219829906146934
2012-03-25 04:00:00,8.36806375095389
2012-03-25 05:00:00,9.069983209527535
2012-03-25 06:00:00,19.692304401361273
2012-03-25 07:00:00,44.31621924714705
2012-03-25 08:00:00,105.6576142594875
2012-03-25 09:00:00,169.6891141841283
2012-03-25 10:00:00,229.68692440746696
2012-03-25 11:00:00,225.62696744342213
2012-03-25 12:00:00,332.22963141890193
2012-03-25 13:00:00,384.4469987802627
2012-03-25 14:00:00,268.8203957872122
2012-03-25 15:00:00,353.6555461817433
2012-03-25 16:00:00,464.4579800137591
2012-03-25 17:00:00,454.02458306449796
2012-03-25 18:00:00,391.18101231920514
2012-03-25 19:00:00,343.9732293380527
2012-03-25 20:00:00,234.71222993075108
2012-03-25 21:00:00,171.4129235522648
2012-03-25 22:00:00,148.18002814524294
2012-03-25 23:00:00,107.8066988227091
2012-03-26 00:00:00,39.06874769845681
2012-03-26 01:00:00,19.07572143223392
2012-03-26 02:00:00,9.180649176765876
2012-03-26 03:00:00,5.542247644418836
2012-03-26 04:00:00,6.442952172168559
2012-03-26 05:00:00,38.65656878874202
2012-03-26 06:00:00,138.87841698944533
2012-03-26 07:00:00,437.57434540525077
2012-03-26 08:00:00,680.0745029408596
2012-03-26 09:00:00,337.9344693642922
2012-03-26 10:00:00,187.73895780681647
2012-03-26 11:00:00,224.76501807119513
2012-03-26 12:00:00,279.98725209191053
2012-03-26 13:00:00,247.14828387638076
2012-03-26 14:00:00,251.12328712704883
2012-03-26 15:00:00,257.0984429473294
2012-03-26 16:00:00,380.81919804668775
2012-03-26 17:00:00,618.4472393005406
2012-03-26 18:00:00,538.2850167044157
2012-03-26 19:00:00,401.9625277093867
2012-03-26 20:00:00,262.3193985416252
2012-03-26 21:00:00,197.4247038672148
2012-03-26 22:00:00,134.7705294275667
2012-03-26 23:00:00,81.39013938870713
2012-03-27 00:00:00,32.70048570288287
2012-03-27 01:00:00,11.972900041750478
2012-03-27 02:00:00,6.89952527681818
2012-03-27 03:00:00,2.8435482653410573
2012-03-27 04:00:00,3.823897063463792
2012-03-27 05:00:00,24.748551594888657
2012-03-27 06:00:00,103.03137212579678
2012-03-27 07:00:00,291.4269753493133
2012-03-27 08:00:00,573.0673031612904
2012-03-27 09:00:00,274.92819537789563
2012-03-27 10:00:00,148.71089358313222
2012-03-27 11:00:00,163.61976832784313
2012-03-27 12:00:00,202.43576714739393
2012-03-27 13:00:00,239.6027221217211
2012-03-27 14:00:00,220.12874965765292
2012-03-27 15:00:00,270.0599166579619
2012-03-27 16:00:00,378.5235577371399
2012-03-27 17:00:00,595.6423466174152
2012-03-27 18:00:00,567.3756369612021
2012-03-27 19:00:00,440.7497481263776
2012-03-27 20:00:00,307.7946022492466
2012-03-27 21:00:00,193.7215111470112
2012-03-27 22:00:00,148.3240362433382
2012-03-27 23:00:00,93.39013409981142
2012-03-28 00:00:00,39.34679805595789
2012-03-28 01:00:00,13.793060627203989
2012-03-28 02:00:00,6.737292180578467
2012-03-28 03:00:00,3.962726960759414
2012-03-28 04:00:00,4.4311586124848885
2012-03-28 05:00:00,29.347246691899404
2012-03-28 06:00:00,103.02822071408619
2012-03-28 07:00:00,330.6326300705088
2012-03-28 08:00:00,612.5809445483786
2012-03-28 09:00:00,337.5922909411709
2012-03-28 10:00:00,197.83754375858277
2012-03-28 11:00:00,234.93107815816649
2012-03-28 12:00:00,276.515924713946
2012-03-28 13:00:00,284.31172478436207
2012-03-28 14:00:00,290.2773774899036
2012-03-28 15:00:00,283.3072447423289
2012-03-28 16:00:00,344.1208429848599
2012-03-28 17:00:00,727.3288320204065
2012-03-28 18:00:00,808.6999936465522
2012-03-28 19:00:00,553.2201836412999
2012-03-28 20:00:00,355.2731596442313
2012-03-28 21:00:00,270.5468447827135
2012-03-28 22:00:00,210.12522752714833
2012-03-28 23:00:00,113.37934666313383
2012-03-29 00:00:00,46.407853628982096
2012-03-29 01:00:00,23.777633888503278
2012-03-29 02:00:00,14.704119426751957
2012-03-29 03:00:00,4.567581055731148
2012-03-29 04:00:00,7.285563303501098
2012-03-29 05:00:00,37.61446076091472
2012-03-29 06:00:00,160.11307701396413
2012-03-29 07:00:00,374.6910216230689
2012-03-29 08:00:00,648.4604929633585
2012-03-29 09:00:00,338.9037224811666
2012-03-29 10:00:00,204.9292817307103
2012-03-29 11:00:00,234.58200753626758
2012-03-29 12:00:00,279.7333195155589
2012-03-29 13:00:00,262.3253415042248
2012-03-29 14:00:00,247.7664552272077
2012-03-29 15:00:00,277.96816083214196
2012-03-29 16:00:00,407.00179964100965
2012-03-29 17:00:00,726.0020660297082
2012-03-29 18:00:00,677.4665256784326
2012-03-29 19:00:00,479.19543894816286
2012-03-29 20:00:00,307.0927293584101
2012-03-29 21:00:00,221.41962983089934
2012-03-29 22:00:00,163.69959697964927
2012-03-29 23:00:00,101.93136856591462
2012-03-30 00:00:00,44.125461829141244
2012-03-30 01:00:00,15.615138032190895
2012-03-30 02:00:00,7.239509651226808
2012-03-30 03:00:00,5.548650466042134
2012-03-30 04:00:00,4.769202391668693
2012-03-30 05:00:00,28.410680087222993
2012-03-30 06:00:00,108.76294266338873
2012-03-30 07:00:00,321.27048430332025
2012-03-30 08:00:00,580.011666326783
2012-03-30 09:00:00,314.4553389283902
2012-03-30 10:00:00,169.31813920309614
2012-03-30 11:00:00,181.83508295078298
2012-03-30 12:00:00,233.27166431019663
2012-03-30 13:00:00,124.34389785490818
2012-03-30 14:00:00,131.65992993415853
2012-03-30 15:00:00,121.65622150481464
2012-03-30 16:00:00,178.9686951479567
2012-03-30 17:00:00,559.6100766508955
2012-03-30 18:00:00,587.502164999791
2012-03-30 19:00:00,406.3387490401252
2012-03-30 20:00:00,286.9740861831474
2012-03-30 21:00:00,215.43825253835772
2012-03-30 22:00:00,156.23305892267012
2012-03-30 23:00:00,93.78855203248382
2012-03-31 00:00:00,97.95233848214018
2012-03-31 01:00:00,83.64757024107884
2012-03-31 02:00:00,63.90235801608232
2012-03-31 03:00:00,22.50258309578577
2012-03-31 04:00:00,10.292201800561108
2012-03-31 05:00:00,11.479092575887355
2012-03-31 06:00:00,26.317551038332805
2012-03-31 07:00:00,47.235439121338906
2012-03-31 08:00:00,104.6637055234303
2012-03-31 09:00:00,232.21776187075884
2012-03-31 10:00:00,287.45789438142367
2012-03-31 11:00:00,390.0327317413907
2012-03-31 12:00:00,516.8411696617266
2012-03-31 13:00:00,565.1794254341335
2012-03-31 14:00:00,347.33348813470496
2012-03-31 15:00:00,414.80244466112265
2012-03-31 16:00:00,435.8089546946811
2012-03-31 17:00:00,392.68487555213943
2012-03-31 18:00:00,291.22914274526795
2012-03-31 19:00:00,303.8705015773511
2012-03-31 20:00:00,216.1753245925439
2012-03-31 21:00:00,146.80074677227867
2012-03-31 22:00:00,135.81694965553226
2012-03-31 23:00:00,81.64982307741005
2012-04-20 00:00:00,38.95460887161832
2012-04-20 01:00:00,15.465054876923237
2012-04-20 02:00:00,7.4577743146377315
2012-04-20 03:00:00,4.34784803357737
2012-04-20 04:00:00,4.477613968599446
2012-04-20 05:00:00,24.819561924478016
2012-04-20 06:00:00,123.35096111586472
2012-04-20 07:00:00,355.04872689871905
2012-04-20 08:00:00,683.3289053100253
2012-04-20 09:00:00,323.2657565627399
2012-04-20 10:00:00,160.96694440527054
2012-04-20 11:00:00,204.30282585358293
2012-04-20 12:00:00,271.1431363531138
2012-04-20 13:00:00,279.4738575348261
2012-04-20 14:00:00,265.56338088708344
2012-04-20 15:00:00,285.8030129534565
2012-04-20 16:00:00,416.88426671502293
2012-04-20 17:00:00,731.5869994069767
2012-04-20 18:00:00,712.7360675761769
2012-04-20 19:00:00,522.1441879552631
2012-04-20 20:00:00,311.4706786786309
2012-04-20 21:00:00,236.83968216656118
2012-04-20 22:00:00,167.66097927275246
2012-04-20 23:00:00,108.9387958037764
2012-04-21 00:00:00,111.8365196420012
2012-04-21 01:00:00,82.72294928707197
2012-04-21 02:00:00,69.87137079792957
2012-04-21 03:00:00,25.014081156427974
2012-04-21 04:00:00,7.908408415263921
2012-04-21 05:00:00,13.44898069938984
2012-04-21 06:00:00,26.81455260389914
2012-04-21 07:00:00,60.29347515926309
2012-04-21 08:00:00,143.27049519145984
2012-04-21 09:00:00,250.52345524834396
2012-04-21 10:00:00,352.02241386985656
2012-04-21 11:00:00,420.2128518124238
2012-04-21 12:00:00,439.53537590317524
2012-04-21 13:00:00,534.7973556500143
2012-04-21 14:00:00,528.5671023785492
2012-04-21 15:00:00,573.3237731861899
2012-04-21 16:00:00,535.4981590375647
2012-04-21 17:00:00,563.6110512157985
2012-04-21 18:00:00,452.12242569189345
2012-04-21 19:00:00,240.54106983192858
2012-04-21 20:00:00,98.07120899078194
2012-04-21 21:00:00,78.32497738470198
2012-04-21 22:00:00,117.91295555614467
2012-04-21 23:00:00,85.21348802125486
2012-04-22 00:00:00,91.94051336096395
2012-04-22 01:00:00,65.75835508655126
2012-04-22 02:00:00,63.00387448928889
2012-04-22 03:00:00,27.815001329826394
2012-04-22 04:00:00,10.546481995369433
2012-04-22 05:00:00,13.693999888540576
2012-04-22 06:00:00,27.96441161732661
2012-04-22 07:00:00,46.07070350853364
2012-04-22 08:00:00,81.56512142995025
2012-04-22 09:00:00,114.58845463142323
2012-04-22 10:00:00,135.92006987735772
2012-04-22 11:00:00,133.2603870962869
2012-04-22 12:00:00,157.90255256488805
2012-04-22 13:00:00,177.92098425727605
2012-04-22 14:00:00,136.07567704866753
2012-04-22 15:00:00,185.54136133179773
2012-04-22 16:00:00,156.18275664359933
2012-04-22 17:00:00,130.1788876682651
2012-04-22 18:00:00,104.11338531505753
2012-04-22 19:00:00,108.33169765437961
2012-04-22 20:00:00,73.44691455871562
2012-04-22 21:00:00,71.89129703087835
2012-04-22 22:00:00,52.521908367768205
2012-04-22 23:00:00,39.522540155905716
2012-04-23 00:00:00,18.37515548280156
2012-04-23 01:00:00,5.753500138198804
2012-04-23 02:00:00,4.130016802458344
2012-04-23 03:00:00,2.369181168881642
2012-04-23 04:00:00,1.9898078181933134
2012-04-23 05:00:00,15.511776716000806
2012-04-23 06:00:00,95.22843116897342
2012-04-23 07:00:00,159.85335000691308
2012-04-23 08:00:00,567.8286791337939
2012-04-23 09:00:00,236.05591795670625
2012-04-23 10:00:00,130.86642565062877
2012-04-23 11:00:00,133.48904224946824
2012-04-23 12:00:00,107.12351187631818
2012-04-23 13:00:00,99.48444044681366
2012-04-23 14:00:00,116.43855463325868
2012-04-23 15:00:00,175.10019189840375
2012-04-23 16:00:00,101.61540941404355
2012-04-23 17:00:00,266.5420861832614
2012-04-23 18:00:00,274.75529500006746
2012-04-23 19:00:00,249.1520483014723
2012-04-23 20:00:00,174.76775260412478
2012-04-23 21:00:00,127.90169768086699
2012-04-23 22:00:00,111.19144695777327
2012-04-23 23:00:00,72.68231037824887
2012-04-24 00:00:00,31.872979330445183
2012-04-24 01:00:00,12.116637489090033
2012-04-24 02:00:00,4.430442742591671
2012-04-24 03:00:00,2.971941136833298
2012-04-24 04:00:00,2.8937950146460425
2012-04-24 05:00:00,24.396850803966522
2012-04-24 06:00:00,103.96082837606322
2012-04-24 07:00:00,298.739595564305
2012-04-24 08:00:00,619.7611843710656
2012-04-24 09:00:00,323.8388440374002
2012-04-24 10:00:00,180.39448618634756
2012-04-24 11:00:00,224.64636574938834
2012-04-24 12:00:00,274.7494569087285
2012-04-24 13:00:00,260.7218643237355
2012-04-24 14:00:00,243.4854351321777
2012-04-24 15:00:00,274.80463679483756
2012-04-24 16:00:00,378.4330245025346
2012-04-24 17:00:00,708.1466774219258
2012-04-24 18:00:00,657.5082303339459
2012-04-24 19:00:00,461.406028434204
2012-04-24 20:00:00,302.69557007501885
2012-04-24 21:00:00,228.6341618337216
2012-04-24 22:00:00,158.92359748798336
2012-04-24 23:00:00,106.11203354959873
2012-04-25 00:00:00,42.092599453042446
2012-04-25 01:00:00,15.695340214161
2012-04-25 02:00:00,6.469766021372229
2012-04-25 03:00:00,3.2728244589624325
2012-04-25 04:00:00,3.2488921775430173
2012-04-25 05:00:00,25.480694253706094
2012-04-25 06:00:00,99.7547817672999
2012-04-25 07:00:00,421.6792091635458
2012-04-25 08:00:00,727.301086206605
2012-04-25 09:00:00,344.7066074072853
2012-04-25 10:00:00,203.33879737372712
2012-04-25 11:00:00,233.9626553200081
2012-04-25 12:00:00,282.2666604671599
2012-04-25 13:00:00,287.0772692323428
2012-04-25 14:00:00,255.8721593325688
2012-04-25 15:00:00,303.23619251331473
2012-04-25 16:00:00,401.5314410830193
2012-04-25 17:00:00,737.8835152584347
2012-04-25 18:00:00,660.3018189907526
2012-04-25 19:00:00,491.5957531624246
2012-04-25 20:00:00,334.1154000847281
2012-04-25 21:00:00,230.6043958844669
2012-04-25 22:00:00,163.3938783786988
2012-04-25 23:00:00,105.44204470176305
2012-04-26 00:00:00,32.738997683461825
2012-04-26 01:00:00,17.97776030712955
2012-04-26 02:00:00,8.776380795783616
2012-04-26 03:00:00,5.201927065693414
2012-04-26 04:00:00,5.253207537152557
2012-04-26 05:00:00,33.26185727096608
2012-04-26 06:00:00,147.63115936391705
2012-04-26 07:00:00,160.1772923064096
2012-04-26 08:00:00,365.65768607011034
2012-04-26 09:00:00,164.63169006027093
2012-04-26 10:00:00,127.3103348533736
2012-04-26 11:00:00,142.30078292482
2012-04-26 12:00:00,169.63294533745267
2012-04-26 13:00:00,172.5051384968586
2012-04-26 14:00:00,187.51757589095482
2012-04-26 15:00:00,169.41573305850827
2012-04-26 16:00:00,228.53296908149892
2012-04-26 17:00:00,539.0491764881965
2012-04-26 18:00:00,506.81003701436094
2012-04-26 19:00:00,361.0044494465588
2012-04-26 20:00:00,242.68189318954236
2012-04-26 21:00:00,196.26082368115567
2012-04-26 22:00:00,162.45738808339425
2012-04-26 23:00:00,94.72967397346036
2012-04-27 00:00:00,36.969388870041904
2012-04-27 01:00:00,13.255627110319391
2012-04-27 02:00:00,8.789698332525731
2012-04-27 03:00:00,4.239164010834787
2012-04-27 04:00:00,3.7867802867432294
2012-04-27 05:00:00,29.374655294420734
2012-04-27 06:00:00,106.40321770833884
2012-04-27 07:00:00,339.93896216047807
2012-04-27 08:00:00,624.5206796405276
2012-04-27 09:00:00,331.18252233305935
2012-04-27 10:00:00,181.17516387743402
2012-04-27 11:00:00,203.85733687935866
2012-04-27 12:00:00,260.432926736184
2012-04-27 13:00:00,264.0903188941714
2012-04-27 14:00:00,234.01041828949417
2012-04-27 15:00:00,270.6048477901215
2012-04-27 16:00:00,388.3806806303
2012-04-27 17:00:00,712.8978247290754
2012-04-27 18:00:00,637.1412521927473
2012-04-27 19:00:00,452.7489710992274
2012-04-27 20:00:00,273.81563210853193
2012-04-27 21:00:00,215.87873152879456
2012-04-27 22:00:00,149.73254752697943
2012-04-27 23:00:00,89.33100432004353
2012-04-28 00:00:00,93.93513303147274
2012-04-28 01:00:00,50.253984793973906
2012-04-28 02:00:00,53.902321473710316
2012-04-28 03:00:00,21.31589314559367
2012-04-28 04:00:00,8.047458210465384
2012-04-28 05:00:00,7.3615115400045
2012-04-28 06:00:00,22.58901007745574
2012-04-28 07:00:00,52.70175228349908
2012-04-28 08:00:00,154.12226524801576
2012-04-28 09:00:00,220.10736387373183
2012-04-28 10:00:00,278.78402540796384
2012-04-28 11:00:00,310.4114722223361
2012-04-28 12:00:00,405.4730568625838
2012-04-28 13:00:00,429.18596010937335
2012-04-28 14:00:00,395.5084650451325
2012-04-28 15:00:00,437.69506357493026
2012-04-28 16:00:00,410.2682404901594
2012-04-28 17:00:00,352.63132175662076
2012-04-28 18:00:00,210.9689007250718
2012-04-28 19:00:00,181.17882602830883
2012-04-28 20:00:00,171.7110204054971
2012-04-28 21:00:00,105.17908461417233
2012-04-28 22:00:00,143.35876586719044
2012-04-28 23:00:00,94.44314923558835
2012-04-29 00:00:00,53.25702386258984
2012-04-29 01:00:00,68.18127863926121
2012-04-29 02:00:00,54.29375318203888
2012-04-29 03:00:00,23.49958449509412
2012-04-29 04:00:00,8.010043053533789
2012-04-29 05:00:00,8.858992968652236
2012-04-29 06:00:00,22.202984456154244
2012-04-29 07:00:00,45.06771933408753
2012-04-29 08:00:00,118.37783930431468
2012-04-29 09:00:00,249.68396117614392
2012-04-29 10:00:00,277.4121167606638
2012-04-29 11:00:00,316.9603082387599
2012-04-29 12:00:00,475.415012102622
2012-04-29 13:00:00,515.4585706178536
2012-04-29 14:00:00,496.8104931606708
2012-04-29 15:00:00,559.0666670391947
2012-04-29 16:00:00,523.4217313480495
2012-04-29 17:00:00,545.4906748403755
2012-04-29 18:00:00,484.5043864494432
2012-04-29 19:00:00,362.0570943228533
2012-04-29 20:00:00,296.6036786315261
2012-04-29 21:00:00,197.54358334712765
2012-04-29 22:00:00,166.70097654381502
2012-04-29 23:00:00,110.1281302796703
2012-04-30 00:00:00,47.50266283206291
2012-04-30 01:00:00,17.87623080603418
2012-04-30 02:00:00,9.400047476797381
2012-04-30 03:00:00,4.382823304252761
2012-04-30 04:00:00,3.581926028619506
2012-04-30 05:00:00,28.714319491108597
2012-04-30 06:00:00,104.6524602680212
2012-04-30 07:00:00,345.15096942552947
2012-04-30 08:00:00,608.3912402171659
2012-04-30 09:00:00,317.5903281748255
2012-04-30 10:00:00,185.42740830436966
2012-04-30 11:00:00,203.8080687224701
2012-04-30 12:00:00,247.16762052912725
2012-04-30 13:00:00,225.04539298321205
2012-04-30 14:00:00,222.7828183145829
2012-04-30 15:00:00,248.15206090173672
2012-04-30 16:00:00,337.2545209050464
2012-04-30 17:00:00,739.7887601150532
2012-04-30 18:00:00,631.9879124611316
2012-04-30 19:00:00,459.17409297714727
2012-04-30 20:00:00,279.7116443751429
2012-04-30 21:00:00,231.05562756032856
2012-04-30 22:00:00,178.93718954675137
2012-04-30 23:00:00,98.03425943865787
2012-05-20 00:00:00,142.07233522654704
2012-05-20 01:00:00,103.71241990104633
2012-05-20 02:00:00,71.62118533858649
2012-05-20 03:00:00,35.696024519963565
2012-05-20 04:00:00,10.666828948744294
2012-05-20 05:00:00,12.270428926314544
2012-05-20 06:00:00,40.10007851671597
2012-05-20 07:00:00,87.16723016359435
2012-05-20 08:00:00,187.24620261961752
2012-05-20 09:00:00,327.0766435822328
2012-05-20 10:00:00,450.35883903635056
2012-05-20 11:00:00,546.7959628773351
2012-05-20 12:00:00,606.3658059482199
2012-05-20 13:00:00,660.7797248501894
2012-05-20 14:00:00,608.643620350565
2012-05-20 15:00:00,529.2834509323764
2012-05-20 16:00:00,611.2783342903705
2012-05-20 17:00:00,579.1165180654813
2012-05-20 18:00:00,501.83080277369413
2012-05-20 19:00:00,413.7135105356536
2012-05-20 20:00:00,322.3014854889206
2012-05-20 21:00:00,218.76329306597944
2012-05-20 22:00:00,166.11981965867693
2012-05-20 23:00:00,63.116634078846005
2012-05-21 00:00:00,21.65818420212522
2012-05-21 01:00:00,9.38769134521349
2012-05-21 02:00:00,5.076936640615115
2012-05-21 03:00:00,4.674059229219039
2012-05-21 04:00:00,3.885611432356778
2012-05-21 05:00:00,17.62826497879136
2012-05-21 06:00:00,63.61621281798652
2012-05-21 07:00:00,151.46270851336973
2012-05-21 08:00:00,253.34764864656557
2012-05-21 09:00:00,145.3910934433675
2012-05-21 10:00:00,84.2242100901656
2012-05-21 11:00:00,176.0610498838954
2012-05-21 12:00:00,177.67730040882853
2012-05-21 13:00:00,100.79812577053832
2012-05-21 14:00:00,112.81141978175421
2012-05-21 15:00:00,238.5796900954613
2012-05-21 16:00:00,329.3847254254268
2012-05-21 17:00:00,605.3112133841861
2012-05-21 18:00:00,736.673763960046
2012-05-21 19:00:00,522.4879630625879
2012-05-21 20:00:00,370.73169867157577
2012-05-21 21:00:00,263.28937272166604
2012-05-21 22:00:00,182.6419971218324
2012-05-21 23:00:00,135.30543235839437
2012-05-22 00:00:00,51.635677445950144
2012-05-22 01:00:00,19.391699887042037
2012-05-22 02:00:00,7.379675846504105
2012-05-22 03:00:00,5.194321649304241
2012-05-22 04:00:00,6.310443093756508
2012-05-22 05:00:00,19.78815878509766
2012-05-22 06:00:00,77.90206356843062
2012-05-22 07:00:00,187.55448152214817
2012-05-22 08:00:00,575.9293759658599
2012-05-22 09:00:00,309.9743980667463
2012-05-22 10:00:00,169.26008071436138
2012-05-22 11:00:00,179.21747386407583
2012-05-22 12:00:00,225.58791359926414
2012-05-22 13:00:00,255.66835674466483
2012-05-22 14:00:00,233.86008817084002
2012-05-22 15:00:00,281.6567817002508
2012-05-22 16:00:00,393.0943397044591
2012-05-22 17:00:00,812.2152004912609
2012-05-22 18:00:00,812.8943968914691
2012-05-22 19:00:00,524.7230668129838
2012-05-22 20:00:00,360.36504103666607
2012-05-22 21:00:00,241.50931798969637
2012-05-22 22:00:00,218.90219535580857
2012-05-22 23:00:00,147.77485261037927
2012-05-23 00:00:00,59.75143990264169
2012-05-23 01:00:00,23.506718387610487
2012-05-23 02:00:00,7.502657729520184
2012-05-23 03:00:00,7.419524168623813
2012-05-23 04:00:00,4.150757933122408
2012-05-23 05:00:00,18.04343493524606
2012-05-23 06:00:00,148.8397347615801
2012-05-23 07:00:00,439.6281287301648
2012-05-23 08:00:00,699.8801659158021
2012-05-23 09:00:00,301.6807062637875
2012-05-23 10:00:00,191.9913289530058
2012-05-23 11:00:00,233.92046532545703
2012-05-23 12:00:00,270.5148521587142
2012-05-23 13:00:00,245.3170459058548
2012-05-23 14:00:00,271.374849999073
2012-05-23 15:00:00,271.70511042442337
2012-05-23 16:00:00,299.8669195941397
2012-05-23 17:00:00,482.16515762754784
2012-05-23 18:00:00,590.729813743618
2012-05-23 19:00:00,362.68718133121604
2012-05-23 20:00:00,249.65297750336137
2012-05-23 21:00:00,201.66670571399123
2012-05-23 22:00:00,155.71901292596615
2012-05-23 23:00:00,132.35131171838478
2012-05-24 00:00:00,59.59974641254139
2012-05-24 01:00:00,22.4604454505338
2012-05-24 02:00:00,8.359832629919545
2012-05-24 03:00:00,5.230183237128723
2012-05-24 04:00:00,6.117000558582623
2012-05-24 05:00:00,28.470152076986004
2012-05-24 06:00:00,126.5979907844144
2012-05-24 07:00:00,456.66681679498026
2012-05-24 08:00:00,804.92407767543
2012-05-24 09:00:00,366.69332311193614
2012-05-24 10:00:00,210.86258646817095
2012-05-24 11:00:00,241.67409789894973
2012-05-24 12:00:00,294.53624923746736
2012-05-24 13:00:00,322.12308724902374
2012-05-24 14:00:00,284.9429406301279
2012-05-24 15:00:00,303.0755667819437
2012-05-24 16:00:00,447.386096711483
2012-05-24 17:00:00,811.4320273155772
2012-05-24 18:00:00,796.9063123965918
2012-05-24 19:00:00,572.6083768678246
2012-05-24 20:00:00,326.84964143121255
2012-05-24 21:00:00,162.66145729941735
2012-05-24 22:00:00,161.993821636407
2012-05-24 23:00:00,111.40905393661777
2012-05-25 00:00:00,58.59903650886626
2012-05-25 01:00:00,23.729492044188138
2012-05-25 02:00:00,7.455220854171543
2012-05-25 03:00:00,5.731237900523683
2012-05-25 04:00:00,6.037586673543625
2012-05-25 05:00:00,28.82788873869407
2012-05-25 06:00:00,131.7869841480149
2012-05-25 07:00:00,384.53618746405857
2012-05-25 08:00:00,633.3981439447386
2012-05-25 09:00:00,303.1034365179544
2012-05-25 10:00:00,178.66722535554456
2012-05-25 11:00:00,199.3629135347475
2012-05-25 12:00:00,293.37375816676774
2012-05-25 13:00:00,300.7183218267983
2012-05-25 14:00:00,260.80784456007734
2012-05-25 15:00:00,275.4836733604807
2012-05-25 16:00:00,435.4450282418577
2012-05-25 17:00:00,784.904763356588
2012-05-25 18:00:00,809.5523660025727
2012-05-25 19:00:00,570.4435643598093
2012-05-25 20:00:00,391.6277956784519
2012-05-25 21:00:00,282.45289081169443
2012-05-25 22:00:00,219.48633577842355
2012-05-25 23:00:00,150.14121052928448
2012-05-26 00:00:00,138.49636263673287
2012-05-26 01:00:00,111.88257634576553
2012-05-26 02:00:00,78.67421350426054
2012-05-26 03:00:00,35.8530108754946
2012-05-26 04:00:00,11.800771774287998
2012-05-26 05:00:00,13.678820503453753
2012-05-26 06:00:00,30.697173154593422
2012-05-26 07:00:00,60.791843325426235
2012-05-26 08:00:00,146.16643078753637
2012-05-26 09:00:00,257.88688511733915
2012-05-26 10:00:00,301.74224928436496
2012-05-26 11:00:00,382.82989881428983
2012-05-26 12:00:00,498.2618694142898
2012-05-26 13:00:00,499.32306733095066
2012-05-26 14:00:00,453.52256251761327
2012-05-26 15:00:00,467.85953490474566
2012-05-26 16:00:00,549.0540591902321
2012-05-26 17:00:00,478.66302982781264
2012-05-26 18:00:00,474.23280947935433
2012-05-26 19:00:00,362.3700855289986
2012-05-26 20:00:00,324.6932236788055
2012-05-26 21:00:00,265.4015769745565
2012-05-26 22:00:00,195.42054843802092
2012-05-26 23:00:00,154.48956078136183
2012-05-27 00:00:00,133.99822389140076
2012-05-27 01:00:00,98.8163158023162
2012-05-27 02:00:00,67.79798208014657
2012-05-27 03:00:00,38.6359381864388
2012-05-27 04:00:00,9.609407573763582
2012-05-27 05:00:00,13.697589919565452
2012-05-27 06:00:00,30.85342469625536
2012-05-27 07:00:00,70.68701017338107
2012-05-27 08:00:00,147.3495361232676
2012-05-27 09:00:00,260.31811221403103
2012-05-27 10:00:00,348.33396852563976
2012-05-27 11:00:00,440.49809193250684
2012-05-27 12:00:00,498.2618694142898
2012-05-27 13:00:00,479.77301584746783
2012-05-27 14:00:00,455.5139912978055
2012-05-27 15:00:00,494.7555023284269
2012-05-27 16:00:00,541.7180143853319
2012-05-27 17:00:00,517.7241619626502
2012-05-27 18:00:00,499.8240582210306
2012-05-27 19:00:00,398.4864339899602
2012-05-27 20:00:00,347.76929321867254
2012-05-27 21:00:00,190.33022178055884
2012-05-27 22:00:00,101.68018248087225
2012-05-27 23:00:00,85.45499504353431
2012-05-28 00:00:00,213.04839897035856
2012-05-28 01:00:00,103.88803426530085
2012-05-28 02:00:00,121.33948751138753
2012-05-28 03:00:00,29.076805537360332
2012-05-28 04:00:00,15.619644739408873
2012-05-28 05:00:00,18.82583581037572
2012-05-28 06:00:00,39.38021685055803
2012-05-28 07:00:00,90.62309080905257
2012-05-28 08:00:00,151.39213726009982
2012-05-28 09:00:00,228.9135383134796
2012-05-28 10:00:00,287.3432525426398
2012-05-28 11:00:00,508.97223307789255
2012-05-28 12:00:00,594.3633226625403
2012-05-28 13:00:00,580.7838276513006
2012-05-28 14:00:00,546.3515847460178
2012-05-28 15:00:00,465.31864267459395
2012-05-28 16:00:00,446.84162448030384
2012-05-28 17:00:00,492.9366211409458
2012-05-28 18:00:00,520.7618164533477
2012-05-28 19:00:00,415.5429134760976
2012-05-28 20:00:00,394.5782918952599
2012-05-28 21:00:00,323.8193517848276
2012-05-28 22:00:00,290.3462954028187
2012-05-28 23:00:00,185.41839055128094
2012-05-29 00:00:00,56.048754238282676
2012-05-29 01:00:00,22.56765712174933
2012-05-29 02:00:00,10.679160267535615
2012-05-29 03:00:00,6.453447713702016
2012-05-29 04:00:00,7.28583154249432
2012-05-29 05:00:00,35.25882885570334
2012-05-29 06:00:00,148.63948311822756
2012-05-29 07:00:00,442.3858314814701
2012-05-29 08:00:00,725.2088238458905
2012-05-29 09:00:00,355.6331264994542
2012-05-29 10:00:00,196.71368843957606
2012-05-29 11:00:00,230.1612907539628
2012-05-29 12:00:00,303.3200657612763
2012-05-29 13:00:00,305.2852533898489
2012-05-29 14:00:00,269.8734605574806
2012-05-29 15:00:00,291.67642081826205
2012-05-29 16:00:00,426.54042249362976
2012-05-29 17:00:00,791.7698167577571
2012-05-29 18:00:00,775.7904131339208
2012-05-29 19:00:00,555.8554986509704
2012-05-29 20:00:00,308.9186577538889
2012-05-29 21:00:00,98.02177197098038
2012-05-29 22:00:00,151.5464050167423
2012-05-29 23:00:00,75.8200605633293
2012-05-30 00:00:00,31.394347711400563
2012-05-30 01:00:00,13.38747987080308
2012-05-30 02:00:00,8.736094792455301
2012-05-30 03:00:00,4.4234227509869095
2012-05-30 04:00:00,6.175627799256094
2012-05-30 05:00:00,30.517386152161635
2012-05-30 06:00:00,141.2584010777932
2012-05-30 07:00:00,219.7640177689207
2012-05-30 08:00:00,733.789609331281
2012-05-30 09:00:00,318.96780579157695
2012-05-30 10:00:00,178.67196165381176
2012-05-30 11:00:00,231.56607819563112
2012-05-30 12:00:00,324.5273937869725
2012-05-30 13:00:00,334.3360195189307
2012-05-30 14:00:00,296.84920045929255
2012-05-30 15:00:00,296.2359078811089
2012-05-30 16:00:00,445.61739111862056
2012-05-30 17:00:00,791.9111958467255
2012-05-30 18:00:00,810.782913848828
2012-05-30 19:00:00,576.6287442317151
2012-05-30 20:00:00,318.116502343392
2012-05-30 21:00:00,280.1749079361965
2012-05-30 22:00:00,220.5604944134596
2012-05-30 23:00:00,155.59073544803482
2012-05-31 00:00:00,60.034224743617564
2012-05-31 01:00:00,24.78726922013071
2012-05-31 02:00:00,10.427982290478637
2012-05-31 03:00:00,7.155642364456021
2012-05-31 04:00:00,6.670943050746025
2012-05-31 05:00:00,33.5378270781424
2012-05-31 06:00:00,180.49448364687493
2012-05-31 07:00:00,436.80746198772744
2012-05-31 08:00:00,648.5409120627193
2012-05-31 09:00:00,349.44861319710606
2012-05-31 10:00:00,223.15418290388263
2012-05-31 11:00:00,267.1271797791526
2012-05-31 12:00:00,337.12796245583087
2012-05-31 13:00:00,348.72960392349194
2012-05-31 14:00:00,291.6735953273923
2012-05-31 15:00:00,310.5082015438496
2012-05-31 16:00:00,463.642990252011
2012-05-31 17:00:00,826.137371359161
2012-05-31 18:00:00,820.8697358450328
2012-05-31 19:00:00,570.657041591316
2012-05-31 20:00:00,419.8510735387833
2012-05-31 21:00:00,318.33389430374103
2012-05-31 22:00:00,236.67937302306635
2012-05-31 23:00:00,171.14370510017255
2012-06-20 00:00:00,54.12904366502925
2012-06-20 01:00:00,24.989092056476498
2012-06-20 02:00:00,10.454713391950285
2012-06-20 03:00:00,7.127188494134119
2012-06-20 04:00:00,8.156336193374425
2012-06-20 05:00:00,39.49533527427913
2012-06-20 06:00:00,131.54952994374932
2012-06-20 07:00:00,382.6735139990869
2012-06-20 08:00:00,676.3108423732631
2012-06-20 09:00:00,343.08672804113985
2012-06-20 10:00:00,210.21540410626076
2012-06-20 11:00:00,224.70199686385513
2012-06-20 12:00:00,280.99728338941276
2012-06-20 13:00:00,266.64630524871933
2012-06-20 14:00:00,257.6436662283467
2012-06-20 15:00:00,255.1753903054975
2012-06-20 16:00:00,394.46395152578896
2012-06-20 17:00:00,695.5442061101724
2012-06-20 18:00:00,702.4356044465999
2012-06-20 19:00:00,526.2331784327891
2012-06-20 20:00:00,412.74096894934337
2012-06-20 21:00:00,300.0349337227525
2012-06-20 22:00:00,228.9145360401318
2012-06-20 23:00:00,135.4318540044906
2012-06-21 00:00:00,60.76740222239283
2012-06-21 01:00:00,23.332580749572106
2012-06-21 02:00:00,10.374384510739862
2012-06-21 03:00:00,5.707509673582902
2012-06-21 04:00:00,7.894542051270825
2012-06-21 05:00:00,36.89221386952986
2012-06-21 06:00:00,133.40418206576334
2012-06-21 07:00:00,396.1810066068562
2012-06-21 08:00:00,678.1273548790184
2012-06-21 09:00:00,335.4291718128637
2012-06-21 10:00:00,195.6463516298716
2012-06-21 11:00:00,230.84229091184642
2012-06-21 12:00:00,277.6377077858124
2012-06-21 13:00:00,269.5517670910735
2012-06-21 14:00:00,254.49959081021092
2012-06-21 15:00:00,232.40673397651534
2012-06-21 16:00:00,398.2805365004496
2012-06-21 17:00:00,726.459543486375
2012-06-21 18:00:00,752.290406250421
2012-06-21 19:00:00,527.3952995680409
2012-06-21 20:00:00,400.43196913083756
2012-06-21 21:00:00,318.67452847096496
2012-06-21 22:00:00,212.0842305973597
2012-06-21 23:00:00,140.87502282524008
2012-06-22 00:00:00,51.87537750073332
2012-06-22 01:00:00,22.4607957818017
2012-06-22 02:00:00,9.965215076984965
2012-06-22 03:00:00,5.807095011438921
2012-06-22 04:00:00,8.059110451896274
2012-06-22 05:00:00,39.12914035947027
2012-06-22 06:00:00,167.263372642032
2012-06-22 07:00:00,441.01469997913955
2012-06-22 08:00:00,709.1983014575289
2012-06-22 09:00:00,319.09796755980557
2012-06-22 10:00:00,207.15683535599052
2012-06-22 11:00:00,242.71755606439967
2012-06-22 12:00:00,270.416034566244
2012-06-22 13:00:00,276.87268929852394
2012-06-22 14:00:00,258.8308298737948
2012-06-22 15:00:00,268.4975260789293
2012-06-22 16:00:00,420.4518665667515
2012-06-22 17:00:00,840.2653171206787
2012-06-22 18:00:00,783.8276929181878
2012-06-22 19:00:00,577.6278424806857
2012-06-22 20:00:00,401.37610714751395
2012-06-22 21:00:00,227.20330556446086
2012-06-22 22:00:00,219.68636226155635
2012-06-22 23:00:00,151.49093627565898
2012-06-23 00:00:00,147.67278954038326
2012-06-23 01:00:00,105.63966494243324
2012-06-23 02:00:00,70.64233249279204
2012-06-23 03:00:00,38.22213836925698
2012-06-23 04:00:00,10.657439857629866
2012-06-23 05:00:00,8.792452692577193
2012-06-23 06:00:00,27.320835431282138
2012-06-23 07:00:00,63.13011583489751
2012-06-23 08:00:00,161.2135735534442
2012-06-23 09:00:00,293.6738150402403
2012-06-23 10:00:00,409.1595832974268
2012-06-23 11:00:00,496.7779998246094
2012-06-23 12:00:00,558.3534674696994
2012-06-23 13:00:00,560.1208632452438
2012-06-23 14:00:00,576.6246804427556
2012-06-23 15:00:00,503.6124764426467
2012-06-23 16:00:00,521.8853089066213
2012-06-23 17:00:00,501.6203277216773
2012-06-23 18:00:00,503.28720290113665
2012-06-23 19:00:00,419.9187263050849
2012-06-23 20:00:00,377.67802373536273
2012-06-23 21:00:00,299.5357891563875
2012-06-23 22:00:00,256.5644569595404
2012-06-23 23:00:00,208.4579729466119
2012-06-24 00:00:00,191.19019233932227
2012-06-24 01:00:00,127.04613226207474
2012-06-24 02:00:00,88.84529257049692
2012-06-24 03:00:00,49.86213272846407
2012-06-24 04:00:00,14.45618698733478
2012-06-24 05:00:00,12.940742267057042
2012-06-24 06:00:00,36.63527755963041
2012-06-24 07:00:00,63.58670461464476
2012-06-24 08:00:00,176.03260783777793
2012-06-24 09:00:00,309.68738420207217
2012-06-24 10:00:00,439.83772587569166
2012-06-24 11:00:00,540.3070264365402
2012-06-24 12:00:00,558.2970287660933
2012-06-24 13:00:00,570.0396137537002
2012-06-24 14:00:00,558.2890449759653
2012-06-24 15:00:00,515.0520680181521
2012-06-24 16:00:00,505.52808043304185
2012-06-24 17:00:00,499.2497698746738
2012-06-24 18:00:00,498.82965697958673
2012-06-24 19:00:00,424.8186281818232
2012-06-24 20:00:00,377.47953595055753
2012-06-24 21:00:00,290.89655429976335
2012-06-24 22:00:00,247.09742129557335
2012-06-24 23:00:00,158.77256746428012
2012-06-25 00:00:00,54.655888755395054
2012-06-25 01:00:00,24.012582189297987
2012-06-25 02:00:00,11.113305512692984
2012-06-25 03:00:00,6.954245395938036
2012-06-25 04:00:00,8.255060708724647
2012-06-25 05:00:00,38.840431088697606
2012-06-25 06:00:00,159.63917156972965
2012-06-25 07:00:00,505.5719788586136
2012-06-25 08:00:00,679.6191892162503
2012-06-25 09:00:00,324.9012771439002
2012-06-25 10:00:00,224.73158296500986
2012-06-25 11:00:00,251.463456885178
2012-06-25 12:00:00,316.41583275732415
2012-06-25 13:00:00,312.59131007807986
2012-06-25 14:00:00,285.0732990610563
2012-06-25 15:00:00,302.7121572541454
2012-06-25 16:00:00,463.25599554216774
2012-06-25 17:00:00,825.14560418367
2012-06-25 18:00:00,801.1382226976297
2012-06-25 19:00:00,563.4241050395386
2012-06-25 20:00:00,425.2105040653182
2012-06-25 21:00:00,330.10055403325
2012-06-25 22:00:00,220.51380945894812
2012-06-25 23:00:00,164.03308348157037
2012-06-26 00:00:00,65.61144650418652
2012-06-26 01:00:00,25.765777335906023
2012-06-26 02:00:00,11.284659641595406
2012-06-26 03:00:00,5.391120250325257
2012-06-26 04:00:00,7.629096747837995
2012-06-26 05:00:00,42.358003621070345
2012-06-26 06:00:00,160.73108231038913
2012-06-26 07:00:00,411.34948963755454
2012-06-26 08:00:00,706.2986591203086
2012-06-26 09:00:00,338.5791740146386
2012-06-26 10:00:00,224.66173636031988
2012-06-26 11:00:00,266.49762029318714
2012-06-26 12:00:00,327.33260629087727
2012-06-26 13:00:00,313.63220972933175
2012-06-26 14:00:00,291.8020857925356
2012-06-26 15:00:00,319.20304029613857
2012-06-26 16:00:00,467.3850473141785
2012-06-26 17:00:00,849.5069320873425
2012-06-26 18:00:00,807.1579045481814
2012-06-26 19:00:00,576.6336406432779
2012-06-26 20:00:00,433.58695085242294
2012-06-26 21:00:00,329.8982887113882
2012-06-26 22:00:00,241.1707783525712
2012-06-26 23:00:00,174.8928106690722
2012-06-27 00:00:00,65.80769086526197
2012-06-27 01:00:00,30.86709198689699
2012-06-27 02:00:00,11.824258389453284
2012-06-27 03:00:00,5.32336556563223
2012-06-27 04:00:00,9.692638616656966
2012-06-27 05:00:00,50.99270115535747
2012-06-27 06:00:00,172.4067789734856
2012-06-27 07:00:00,473.3603765507618
2012-06-27 08:00:00,695.3053735204039
2012-06-27 09:00:00,355.07986135830777
2012-06-27 10:00:00,225.53989332729472
2012-06-27 11:00:00,267.7570955536732
2012-06-27 12:00:00,327.09698147777635
2012-06-27 13:00:00,310.97219389184215
2012-06-27 14:00:00,297.7971551281809
2012-06-27 15:00:00,315.41555089613456
2012-06-27 16:00:00,472.21103055241997
2012-06-27 17:00:00,831.634717936024
2012-06-27 18:00:00,779.4645837416869
2012-06-27 19:00:00,557.0141340269431
2012-06-27 20:00:00,441.90364344107616
2012-06-27 21:00:00,330.05124946142195
2012-06-27 22:00:00,242.62132042194068
2012-06-27 23:00:00,179.84924738722856
2012-06-28 00:00:00,70.90921981868232
2012-06-28 01:00:00,32.845847645039285
2012-06-28 02:00:00,15.807033510095529
2012-06-28 03:00:00,6.712365768701543
2012-06-28 04:00:00,7.822753840092792
2012-06-28 05:00:00,39.31735590482977
2012-06-28 06:00:00,175.74073244373037
2012-06-28 07:00:00,430.4517156349845
2012-06-28 08:00:00,700.6128489555322
2012-06-28 09:00:00,360.50644001485887
2012-06-28 10:00:00,222.92050367791654
2012-06-28 11:00:00,249.97379978491946
2012-06-28 12:00:00,310.7730103231786
2012-06-28 13:00:00,301.5662705154643
2012-06-28 14:00:00,283.2383459998219
2012-06-28 15:00:00,306.62052528785375
2012-06-28 16:00:00,452.3792837054433
2012-06-28 17:00:00,771.9863474872234
2012-06-28 18:00:00,803.3377128816325
2012-06-28 19:00:00,545.1257583172762
2012-06-28 20:00:00,429.88694364513606
2012-06-28 21:00:00,326.2639661522331
2012-06-28 22:00:00,243.548274915116
2012-06-28 23:00:00,156.4743942049404
2012-06-29 00:00:00,71.84062560999237
2012-06-29 01:00:00,29.39516454725715
2012-06-29 02:00:00,10.938596234428132
2012-06-29 03:00:00,5.368774502607501
2012-06-29 04:00:00,7.815998006219614
2012-06-29 05:00:00,39.44605261917556
2012-06-29 06:00:00,163.66670112000747
2012-06-29 07:00:00,431.7357115679623
2012-06-29 08:00:00,706.4892974530022
2012-06-29 09:00:00,351.27590408263444
2012-06-29 10:00:00,179.10418375027388
2012-06-29 11:00:00,214.53188990749604
2012-06-29 12:00:00,245.27579651779376
2012-06-29 13:00:00,235.31620789233443
2012-06-29 14:00:00,222.83654771611327
2012-06-29 15:00:00,221.0060662662866
2012-06-29 16:00:00,343.475436774664
2012-06-29 17:00:00,629.09493101727
2012-06-29 18:00:00,607.4904816370498
2012-06-29 19:00:00,475.18222989123586
2012-06-29 20:00:00,326.20360682552337
2012-06-29 21:00:00,266.40786778352293
2012-06-29 22:00:00,178.7640652698889
2012-06-29 23:00:00,115.6900101698973
2012-06-30 00:00:00,78.18228493233568
2012-06-30 01:00:00,64.42871742824038
2012-06-30 02:00:00,61.64042042355762
2012-06-30 03:00:00,35.46962414098742
2012-06-30 04:00:00,9.233523746651851
2012-06-30 05:00:00,12.054373652637224
2012-06-30 06:00:00,26.06543924162246
2012-06-30 07:00:00,61.445830994914
2012-06-30 08:00:00,155.15261459156284
2012-06-30 09:00:00,256.57752724887524
2012-06-30 10:00:00,384.2714937295208
2012-06-30 11:00:00,463.24934333741993
2012-06-30 12:00:00,500.2722348380926
2012-06-30 13:00:00,532.0369015433984
2012-06-30 14:00:00,518.7839980731253
2012-06-30 15:00:00,498.2917901668679
2012-06-30 16:00:00,453.52903842934717
2012-06-30 17:00:00,464.4437368038441
2012-06-30 18:00:00,447.178605538554
2012-06-30 19:00:00,416.26118454002676
2012-06-30 20:00:00,332.7767908355799
2012-06-30 21:00:00,267.80738728693893
2012-06-30 22:00:00,214.7106893091948
2012-06-30 23:00:00,159.2384467415308
2012-07-20 00:00:00,32.62610530147994
2012-07-20 01:00:00,22.29548932742905
2012-07-20 02:00:00,8.297100176248826
2012-07-20 03:00:00,5.350629086509519
2012-07-20 04:00:00,7.192918579191071
2012-07-20 05:00:00,34.88710208396282
2012-07-20 06:00:00,137.0181092324288
2012-07-20 07:00:00,371.3383054306173
2012-07-20 08:00:00,617.229130535244
2012-07-20 09:00:00,306.5942600169159
2012-07-20 10:00:00,164.229513128657
2012-07-20 11:00:00,170.55965761472484
2012-07-20 12:00:00,130.45023791328174
2012-07-20 13:00:00,127.17116124685037
2012-07-20 14:00:00,141.32235567949277
2012-07-20 15:00:00,196.25617844236692
2012-07-20 16:00:00,299.86306336432165
2012-07-20 17:00:00,474.9269621705237
2012-07-20 18:00:00,599.2126883113638
2012-07-20 19:00:00,352.6836159278416
2012-07-20 20:00:00,138.9123986995149
2012-07-20 21:00:00,122.36061758696138
2012-07-20 22:00:00,161.063017886162
2012-07-20 23:00:00,105.1577157649957
2012-07-21 00:00:00,66.96940593623805
2012-07-21 01:00:00,97.1445673527779
2012-07-21 02:00:00,41.47456442904257
2012-07-21 03:00:00,18.913797487532747
2012-07-21 04:00:00,5.916981122639018
2012-07-21 05:00:00,6.851908166848622
2012-07-21 06:00:00,16.737737335938036
2012-07-21 07:00:00,61.61362577977004
2012-07-21 08:00:00,125.12801680106
2012-07-21 09:00:00,227.6710960430911
2012-07-21 10:00:00,131.6754741477569
2012-07-21 11:00:00,295.5819200441873
2012-07-21 12:00:00,201.50453348915897
2012-07-21 13:00:00,216.63394993805335
2012-07-21 14:00:00,253.5230722829366
2012-07-21 15:00:00,182.5736189092433
2012-07-21 16:00:00,166.92676396826502
2012-07-21 17:00:00,227.76204529847953
2012-07-21 18:00:00,273.1526274730896
2012-07-21 19:00:00,269.88437137547703
2012-07-21 20:00:00,121.03939782167127
2012-07-21 21:00:00,187.1687483824679
2012-07-21 22:00:00,136.8959842822148
2012-07-21 23:00:00,109.20536378847969
2012-07-22 00:00:00,113.17927345458332
2012-07-22 01:00:00,96.14298800081991
2012-07-22 02:00:00,72.56075099401676
2012-07-22 03:00:00,34.84171119693016
2012-07-22 04:00:00,10.329949176064762
2012-07-22 05:00:00,11.765404422458179
2012-07-22 06:00:00,24.750043776714755
2012-07-22 07:00:00,54.53503552343487
2012-07-22 08:00:00,122.16011736961485
2012-07-22 09:00:00,282.14212933628323
2012-07-22 10:00:00,320.73136318163586
2012-07-22 11:00:00,373.07654052793896
2012-07-22 12:00:00,474.10829849484924
2012-07-22 13:00:00,540.0148557341203
2012-07-22 14:00:00,422.2027291261531
2012-07-22 15:00:00,475.2967867064612
2012-07-22 16:00:00,415.98214140666
2012-07-22 17:00:00,451.5086710441653
2012-07-22 18:00:00,423.79446554883276
2012-07-22 19:00:00,384.1079876574341
2012-07-22 20:00:00,284.94106745628886
2012-07-22 21:00:00,214.6342820014607
2012-07-22 22:00:00,188.33032178510388
2012-07-22 23:00:00,147.08285706734387
2012-07-23 00:00:00,51.93791406425127
2012-07-23 01:00:00,21.265028678683137
2012-07-23 02:00:00,8.791002278166722
2012-07-23 03:00:00,5.065398206208777
2012-07-23 04:00:00,6.577429284385603
2012-07-23 05:00:00,24.74319600777198
2012-07-23 06:00:00,126.28467960226878
2012-07-23 07:00:00,395.53489888302613
2012-07-23 08:00:00,652.464634864909
2012-07-23 09:00:00,335.31463610529005
2012-07-23 10:00:00,192.77662698907264
2012-07-23 11:00:00,234.66478855251003
2012-07-23 12:00:00,284.18538747524354
2012-07-23 13:00:00,272.35692757764207
2012-07-23 14:00:00,238.76735522175642
2012-07-23 15:00:00,275.1074560906027
2012-07-23 16:00:00,404.4708911137952
2012-07-23 17:00:00,776.5694552600539
2012-07-23 18:00:00,720.946548399794
2012-07-23 19:00:00,537.0273352910456
2012-07-23 20:00:00,381.2867558308351
2012-07-23 21:00:00,294.07534995439244
2012-07-23 22:00:00,216.52929992603754
2012-07-23 23:00:00,134.30845561909484
2012-07-24 00:00:00,59.789334850895386
2012-07-24 01:00:00,24.198936600704233
2012-07-24 02:00:00,10.047328825539548
2012-07-24 03:00:00,7.009163189674
2012-07-24 04:00:00,7.50775666999307
2012-07-24 05:00:00,36.993397056377226
2012-07-24 06:00:00,137.31880591330565
2012-07-24 07:00:00,464.94476542941516
2012-07-24 08:00:00,656.7792645824594
2012-07-24 09:00:00,286.2816137923
2012-07-24 10:00:00,168.71337239140794
2012-07-24 11:00:00,218.7050466394777
2012-07-24 12:00:00,253.1549819835589
2012-07-24 13:00:00,263.0424027467725
2012-07-24 14:00:00,247.4550495731497
2012-07-24 15:00:00,270.7963426042611
2012-07-24 16:00:00,409.41075051923127
2012-07-24 17:00:00,794.9882734537009
2012-07-24 18:00:00,756.9807341737584
2012-07-24 19:00:00,537.0025221303944
2012-07-24 20:00:00,382.210717178542
2012-07-24 21:00:00,294.78852720644346
2012-07-24 22:00:00,215.5711893762599
2012-07-24 23:00:00,129.538588206462
2012-07-25 00:00:00,56.675066166996366
2012-07-25 01:00:00,23.419525938268443
2012-07-25 02:00:00,11.504241923255695
2012-07-25 03:00:00,6.887176186247493
2012-07-25 04:00:00,7.16153707082205
2012-07-25 05:00:00,40.46032513565733
2012-07-25 06:00:00,171.9423273921849
2012-07-25 07:00:00,473.1334972702522
2012-07-25 08:00:00,669.5386780276148
2012-07-25 09:00:00,345.6864675464793
2012-07-25 10:00:00,220.19152815612722
2012-07-25 11:00:00,244.59078395958633
2012-07-25 12:00:00,299.76795547608623
2012-07-25 13:00:00,299.54839672070625
2012-07-25 14:00:00,268.35716204800974
2012-07-25 15:00:00,286.7644453993325
2012-07-25 16:00:00,426.9228185083689
2012-07-25 17:00:00,771.1679104722167
2012-07-25 18:00:00,755.1637438470216
2012-07-25 19:00:00,543.8543056069185
2012-07-25 20:00:00,415.1643849391059
2012-07-25 21:00:00,335.8746261465407
2012-07-25 22:00:00,227.17696946297983
2012-07-25 23:00:00,148.97556179595182
2012-07-26 00:00:00,59.27805380431962
2012-07-26 01:00:00,23.82707453485394
2012-07-26 02:00:00,11.100165125876897
2012-07-26 03:00:00,7.865667671686701
2012-07-26 04:00:00,7.374341600655082
2012-07-26 05:00:00,36.53681180573261
2012-07-26 06:00:00,145.03386375318885
2012-07-26 07:00:00,467.10970106258196
2012-07-26 08:00:00,680.4486460743399
2012-07-26 09:00:00,354.66887389122104
2012-07-26 10:00:00,185.3610919992931
2012-07-26 11:00:00,203.84531002705617
2012-07-26 12:00:00,230.94261190499765
2012-07-26 13:00:00,240.09511717833837
2012-07-26 14:00:00,218.4255948263734
2012-07-26 15:00:00,221.11406236951672
2012-07-26 16:00:00,345.34066044624325
2012-07-26 17:00:00,640.0161794146342
2012-07-26 18:00:00,605.5941402857428
2012-07-26 19:00:00,435.0934769884355
2012-07-26 20:00:00,355.77050841916656
2012-07-26 21:00:00,299.94916986971054
2012-07-26 22:00:00,196.84305938979335
2012-07-26 23:00:00,137.97679405544625
2012-07-27 00:00:00,59.93475671569016
2012-07-27 01:00:00,22.900323870678033
2012-07-27 02:00:00,9.831146868516889
2012-07-27 03:00:00,5.350162412323626
2012-07-27 04:00:00,8.299259497649613
2012-07-27 05:00:00,34.555294909100986
2012-07-27 06:00:00,137.59808051043115
2012-07-27 07:00:00,478.6293327639396
2012-07-27 08:00:00,620.8651753939229
2012-07-27 09:00:00,313.23875641033754
2012-07-27 10:00:00,191.34001000403
2012-07-27 11:00:00,223.4136559179661
2012-07-27 12:00:00,263.33813497390133
2012-07-27 13:00:00,269.6827855568666
2012-07-27 14:00:00,243.9932905620665
2012-07-27 15:00:00,260.1903696468268
2012-07-27 16:00:00,413.30127368251044
2012-07-27 17:00:00,704.0109090348511
2012-07-27 18:00:00,737.511130498387
2012-07-27 19:00:00,533.3540129492017
2012-07-27 20:00:00,356.2357641791123
2012-07-27 21:00:00,277.6155139643544
2012-07-27 22:00:00,211.99814635793828
2012-07-27 23:00:00,133.43979415876166
2012-07-28 00:00:00,148.67602763388643
2012-07-28 01:00:00,93.38611211648569
2012-07-28 02:00:00,65.18109825534432
2012-07-28 03:00:00,32.45327957611944
2012-07-28 04:00:00,9.91990403258702
2012-07-28 05:00:00,12.31224308047116
2012-07-28 06:00:00,31.721690661311037
2012-07-28 07:00:00,61.87352371960743
2012-07-28 08:00:00,157.03789140050654
2012-07-28 09:00:00,261.2724942494822
2012-07-28 10:00:00,355.2951699749025
2012-07-28 11:00:00,461.1440732469602
2012-07-28 12:00:00,491.33545125601086
2012-07-28 13:00:00,511.096523661408
2012-07-28 14:00:00,512.9635004412327
2012-07-28 15:00:00,449.911438920485
2012-07-28 16:00:00,473.0650120123748
2012-07-28 17:00:00,469.2305507745187
2012-07-28 18:00:00,470.078630657877
2012-07-28 19:00:00,321.78853131552574
2012-07-28 20:00:00,253.23062029925134
2012-07-28 21:00:00,223.2731351762914
2012-07-28 22:00:00,181.60665269738038
2012-07-28 23:00:00,157.12099633182524
2012-07-29 00:00:00,130.19866064551815
2012-07-29 01:00:00,97.94663376004176
2012-07-29 02:00:00,78.26862297147454
2012-07-29 03:00:00,41.58564002995264
2012-07-29 04:00:00,10.275795633166574
2012-07-29 05:00:00,11.903182465896972
2012-07-29 06:00:00,29.235005755073384
2012-07-29 07:00:00,70.19931627635555
2012-07-29 08:00:00,180.95052496827324
2012-07-29 09:00:00,278.4410226942122
2012-07-29 10:00:00,348.78893779745164
2012-07-29 11:00:00,466.6130996274809
2012-07-29 12:00:00,515.3843532603572
2012-07-29 13:00:00,492.25383971429807
2012-07-29 14:00:00,528.6525474472147
2012-07-29 15:00:00,510.47311525846794
2012-07-29 16:00:00,484.0452736236615
2012-07-29 17:00:00,459.05635949800296
2012-07-29 18:00:00,474.6813806171421
2012-07-29 19:00:00,395.4070083888267
2012-07-29 20:00:00,300.27873617316317
2012-07-29 21:00:00,256.77868532687927
2012-07-29 22:00:00,207.27743329510602
2012-07-29 23:00:00,154.85306356545948
2012-07-30 00:00:00,59.974776343006894
2012-07-30 01:00:00,21.864750693502664
2012-07-30 02:00:00,12.103728763747599
2012-07-30 03:00:00,6.73598814613977
2012-07-30 04:00:00,7.719893758154537
2012-07-30 05:00:00,36.993397056377226
2012-07-30 06:00:00,137.64504528643073
2012-07-30 07:00:00,390.5354858017637
2012-07-30 08:00:00,689.6168540560013
2012-07-30 09:00:00,357.3565819778931
2012-07-30 10:00:00,196.28356020589501
2012-07-30 11:00:00,245.38018447996822
2012-07-30 12:00:00,266.5811666355976
2012-07-30 13:00:00,272.58770193795004
2012-07-30 14:00:00,259.14370622772805
2012-07-30 15:00:00,276.59718652264905
2012-07-30 16:00:00,415.9396643457008
2012-07-30 17:00:00,824.4439387158727
2012-07-30 18:00:00,767.2004586889467
2012-07-30 19:00:00,522.8743249984783
2012-07-30 20:00:00,368.07741394253196
2012-07-30 21:00:00,289.77877740885793
2012-07-30 22:00:00,193.31056369783857
2012-07-30 23:00:00,142.98868153784576
2012-07-31 00:00:00,55.69136753241295
2012-07-31 01:00:00,23.78909445740372
2012-07-31 02:00:00,10.02133385670885
2012-07-31 03:00:00,6.669908328178438
2012-07-31 04:00:00,7.50775666999307
2012-07-31 05:00:00,37.00993647626284
2012-07-31 06:00:00,141.9430648680697
2012-07-31 07:00:00,422.6180936051464
2012-07-31 08:00:00,646.7131339221631
2012-07-31 09:00:00,334.9595566520014
2012-07-31 10:00:00,188.4906176634377
2012-07-31 11:00:00,214.95243006844478
2012-07-31 12:00:00,285.9932724376141
2012-07-31 13:00:00,279.0936923514489
2012-07-31 14:00:00,262.05129525914845
2012-07-31 15:00:00,258.51159206489814
2012-07-31 16:00:00,370.6772623092427
2012-07-31 17:00:00,809.2979164384624
2012-07-31 18:00:00,791.9157119147183
2012-07-31 19:00:00,439.6018193681916
2012-07-31 20:00:00,273.29501879488413
2012-07-31 21:00:00,230.98303335638812
2012-07-31 22:00:00,209.909954747488
2012-07-31 23:00:00,141.2794381226685
2012-08-20 00:00:00,36.36161960062365
2012-08-20 01:00:00,21.071926401043495
2012-08-20 02:00:00,8.305870889222843
2012-08-20 03:00:00,6.014516216554959
2012-08-20 04:00:00,6.539228170268143
2012-08-20 05:00:00,30.745883085789174
2012-08-20 06:00:00,130.14398635445048
2012-08-20 07:00:00,353.13913353110297
2012-08-20 08:00:00,679.9828558058607
2012-08-20 09:00:00,336.26709422239867
2012-08-20 10:00:00,198.5224685892479
2012-08-20 11:00:00,241.50921929912363
2012-08-20 12:00:00,289.35536537401265
2012-08-20 13:00:00,297.2609242423801
2012-08-20 14:00:00,287.1551561168017
2012-08-20 15:00:00,303.74745890626247
2012-08-20 16:00:00,456.6594492384739
2012-08-20 17:00:00,776.366022534136
2012-08-20 18:00:00,492.6121556769687
2012-08-20 19:00:00,358.0809443465019
2012-08-20 20:00:00,219.30416513174615
2012-08-20 21:00:00,206.9237419725454
2012-08-20 22:00:00,135.5841745650262
2012-08-20 23:00:00,93.1518335248544
2012-08-21 00:00:00,36.615968547422824
2012-08-21 01:00:00,18.19040889869099
2012-08-21 02:00:00,6.4969656707096615
2012-08-21 03:00:00,6.071676802580061
2012-08-21 04:00:00,7.404027956573959
2012-08-21 05:00:00,37.26514349483808
2012-08-21 06:00:00,146.61160768789344
2012-08-21 07:00:00,399.6944660237412
2012-08-21 08:00:00,709.5322323267989
2012-08-21 09:00:00,343.1824470771372
2012-08-21 10:00:00,210.75627308595384
2012-08-21 11:00:00,263.8498223774382
2012-08-21 12:00:00,323.97725821744535
2012-08-21 13:00:00,323.7477297860213
2012-08-21 14:00:00,290.66614824534014
2012-08-21 15:00:00,304.4088971034694
2012-08-21 16:00:00,463.89291135748846
2012-08-21 17:00:00,841.4370228604289
2012-08-21 18:00:00,848.351297372194
2012-08-21 19:00:00,289.85213571649757
2012-08-21 20:00:00,345.61073486549776
2012-08-21 21:00:00,270.8822474046088
2012-08-21 22:00:00,181.2344986245347
2012-08-21 23:00:00,119.36349882476587
2012-08-22 00:00:00,49.59140992561563
2012-08-22 01:00:00,22.190418375876277
2012-08-22 02:00:00,9.707309648803953
2012-08-22 03:00:00,6.310642405655102
2012-08-22 04:00:00,7.547290998810466
2012-08-22 05:00:00,36.32620093513341
2012-08-22 06:00:00,169.61155164837047
2012-08-22 07:00:00,395.9026080789104
2012-08-22 08:00:00,722.1112547472917
2012-08-22 09:00:00,332.63743982915565
2012-08-22 10:00:00,212.35284240106404
2012-08-22 11:00:00,234.8670288248823
2012-08-22 12:00:00,305.0990663507261
2012-08-22 13:00:00,315.7345536188485
2012-08-22 14:00:00,290.09084785530877
2012-08-22 15:00:00,306.8432457438619
2012-08-22 16:00:00,387.6736432047721
2012-08-22 17:00:00,811.3514819450256
2012-08-22 18:00:00,747.2912412539813
2012-08-22 19:00:00,479.06169114660423
2012-08-22 20:00:00,358.32299780011544
2012-08-22 21:00:00,270.8822474046088
2012-08-22 22:00:00,213.02615869995205
2012-08-22 23:00:00,125.16236564935481
2012-08-23 00:00:00,54.13334222759251
2012-08-23 01:00:00,19.898066912906472
2012-08-23 02:00:00,7.656414127039643
2012-08-23 03:00:00,6.084946358900398
2012-08-23 04:00:00,6.86086522737141
2012-08-23 05:00:00,35.99959265437984
2012-08-23 06:00:00,122.34682289736052
2012-08-23 07:00:00,347.7442156089184
2012-08-23 08:00:00,700.4521618531311
2012-08-23 09:00:00,369.39130691820503
2012-08-23 10:00:00,206.70221877203065
2012-08-23 11:00:00,258.35767411786526
2012-08-23 12:00:00,311.0019342965343
2012-08-23 13:00:00,306.6814778336833
2012-08-23 14:00:00,286.21651784881266
2012-08-23 15:00:00,302.04370378212184
2012-08-23 16:00:00,465.0461589070399
2012-08-23 17:00:00,841.017562238131
2012-08-23 18:00:00,838.5824858470726
2012-08-23 19:00:00,583.0591890268954
2012-08-23 20:00:00,381.4434909153043
2012-08-23 21:00:00,288.0495084772856
2012-08-23 22:00:00,217.5261690330364
2012-08-23 23:00:00,142.09820156110214
2012-08-24 00:00:00,49.7792681677351
2012-08-24 01:00:00,20.57034112763515
2012-08-24 02:00:00,11.033321255550236
2012-08-24 03:00:00,7.508752272331465
2012-08-24 04:00:00,8.034964278179933
2012-08-24 05:00:00,39.44770459943321
2012-08-24 06:00:00,120.24703387418478
2012-08-24 07:00:00,367.70864690865136
2012-08-24 08:00:00,685.495020829278
2012-08-24 09:00:00,321.3948098120688
2012-08-24 10:00:00,236.53533139381477
2012-08-24 11:00:00,258.1264856733622
2012-08-24 12:00:00,316.67815226514836
2012-08-24 13:00:00,297.1362704718774
2012-08-24 14:00:00,283.5498209085847
2012-08-24 15:00:00,303.7188039457955
2012-08-24 16:00:00,463.14586189595434
2012-08-24 17:00:00,835.4571417342877
2012-08-24 18:00:00,796.1895602916027
2012-08-24 19:00:00,555.6232243254661
2012-08-24 20:00:00,364.8943845201191
2012-08-24 21:00:00,276.6992332129172
2012-08-24 22:00:00,212.75766339046575
2012-08-24 23:00:00,145.83329987473792
2012-08-25 00:00:00,153.16644394980023
2012-08-25 01:00:00,96.29702925876464
2012-08-25 02:00:00,81.11280789277096
2012-08-25 03:00:00,41.814258528942396
2012-08-25 04:00:00,12.852667504605552
2012-08-25 05:00:00,10.066439947052094
2012-08-25 06:00:00,24.928079208605926
2012-08-25 07:00:00,61.43668615673649
2012-08-25 08:00:00,141.886886093858
2012-08-25 09:00:00,291.0989495283524
2012-08-25 10:00:00,368.35673472481795
2012-08-25 11:00:00,411.46914057533047
2012-08-25 12:00:00,421.4654109006637
2012-08-25 13:00:00,530.1764764590904
2012-08-25 14:00:00,337.13598758413383
2012-08-25 15:00:00,402.27345871927616
2012-08-25 16:00:00,451.1277727411047
2012-08-25 17:00:00,416.15641267372183
2012-08-25 18:00:00,414.13904693606196
2012-08-25 19:00:00,299.10336767894734
2012-08-25 20:00:00,124.83146272634195
2012-08-25 21:00:00,177.19379571009353
2012-08-25 22:00:00,134.76366114240932
2012-08-25 23:00:00,99.40766280784908
2012-08-26 00:00:00,127.31137806673593
2012-08-26 01:00:00,100.41544023032476
2012-08-26 02:00:00,69.40285529293622
2012-08-26 03:00:00,35.47502773163209
2012-08-26 04:00:00,9.198287331612242
2012-08-26 05:00:00,11.486886501490927
2012-08-26 06:00:00,25.287901315216835
2012-08-26 07:00:00,56.47476873777083
2012-08-26 08:00:00,144.42640035010425
2012-08-26 09:00:00,251.7262535266426
2012-08-26 10:00:00,359.4828416094159
2012-08-26 11:00:00,441.52063887364494
2012-08-26 12:00:00,290.0307095058402
2012-08-26 13:00:00,278.0852394994908
2012-08-26 14:00:00,300.40341335207165
2012-08-26 15:00:00,197.09480365827235
2012-08-26 16:00:00,189.77361696812667
2012-08-26 17:00:00,322.55241865336916
2012-08-26 18:00:00,266.12686203647274
2012-08-26 19:00:00,270.4611448931488
2012-08-26 20:00:00,230.9072826892149
2012-08-26 21:00:00,189.98481568508194
2012-08-26 22:00:00,146.5954426698535
2012-08-26 23:00:00,127.59229977113631
2012-08-27 00:00:00,48.87250779402448
2012-08-27 01:00:00,20.73869393612105
2012-08-27 02:00:00,8.130598062733547
2012-08-27 03:00:00,5.946368639937599
2012-08-27 04:00:00,6.86086522737141
2012-08-27 05:00:00,36.00021775233842
2012-08-27 06:00:00,138.95280508814207
2012-08-27 07:00:00,428.0346374255329
2012-08-27 08:00:00,645.7544121768627
2012-08-27 09:00:00,311.1729352987618
2012-08-27 10:00:00,200.44059968328693
2012-08-27 11:00:00,233.08315366749054
2012-08-27 12:00:00,276.94370583984374
2012-08-27 13:00:00,284.44003488077414
2012-08-27 14:00:00,265.21748872180086
2012-08-27 15:00:00,288.2242506117865
2012-08-27 16:00:00,436.0541711993787
2012-08-27 17:00:00,818.8039388797937
2012-08-27 18:00:00,817.1510026175503
2012-08-27 19:00:00,536.1300854237965
2012-08-27 20:00:00,398.28228941890376
2012-08-27 21:00:00,280.8008473065065
2012-08-27 22:00:00,184.51831591747953
2012-08-27 23:00:00,132.83396072552145
2012-08-28 00:00:00,53.000943546204425
2012-08-28 01:00:00,23.966585757940305
2012-08-28 02:00:00,10.670873249047661
2012-08-28 03:00:00,5.666741959757247
2012-08-28 04:00:00,7.9887711370467365
2012-08-28 05:00:00,36.0294387465347
2012-08-28 06:00:00,136.1944726041929
2012-08-28 07:00:00,398.1098084226263
2012-08-28 08:00:00,580.124761663448
2012-08-28 09:00:00,315.1678096735326
2012-08-28 10:00:00,200.74177151238123
2012-08-28 11:00:00,249.31603534496242
2012-08-28 12:00:00,298.84738844729543
2012-08-28 13:00:00,298.08989529988094
2012-08-28 14:00:00,271.1225133218935
2012-08-28 15:00:00,294.0836836224089
2012-08-28 16:00:00,454.67185257253055
2012-08-28 17:00:00,825.8980509333089
2012-08-28 18:00:00,814.161158899906
2012-08-28 19:00:00,568.8517791332849
2012-08-28 20:00:00,427.4114890236684
2012-08-28 21:00:00,335.9242503956094
2012-08-28 22:00:00,245.14169904289864
2012-08-28 23:00:00,164.1538910329017
2012-08-29 00:00:00,60.36451619993576
2012-08-29 01:00:00,23.681965309938633
2012-08-29 02:00:00,9.508155243060902
2012-08-29 03:00:00,6.342391794314497
2012-08-29 04:00:00,7.33584786895937
2012-08-29 05:00:00,37.315318642101666
2012-08-29 06:00:00,168.42149123272014
2012-08-29 07:00:00,430.6210227686694
2012-08-29 08:00:00,658.4253659862306
2012-08-29 09:00:00,355.5630940090294
2012-08-29 10:00:00,230.68923575459362
2012-08-29 11:00:00,267.6459592405644
2012-08-29 12:00:00,318.30083096310005
2012-08-29 13:00:00,317.1904250072402
2012-08-29 14:00:00,289.6520082971873
2012-08-29 15:00:00,312.8322002252986
2012-08-29 16:00:00,463.73555571111285
2012-08-29 17:00:00,823.5336525055882
2012-08-29 18:00:00,822.172431116979
2012-08-29 19:00:00,597.6833607327264
2012-08-29 20:00:00,381.5992706605532
2012-08-29 21:00:00,316.6994790540772
2012-08-29 22:00:00,247.48061767973977
2012-08-29 23:00:00,166.26758367887433
2012-08-30 00:00:00,58.026951738793315
2012-08-30 01:00:00,22.713614815389754
2012-08-30 02:00:00,9.136639282834954
2012-08-30 03:00:00,5.9820324910730935
2012-08-30 04:00:00,7.941308678344198
2012-08-30 05:00:00,36.7497942135281
2012-08-30 06:00:00,147.5957175134309
2012-08-30 07:00:00,473.95312365067264
2012-08-30 08:00:00,661.0282180353621
2012-08-30 09:00:00,330.08592798908535
2012-08-30 10:00:00,220.87862591785017
2012-08-30 11:00:00,260.16315671260537
2012-08-30 12:00:00,316.63700482415635
2012-08-30 13:00:00,315.7345536188485
2012-08-30 14:00:00,287.5525871301683
2012-08-30 15:00:00,298.69075828398996
2012-08-30 16:00:00,451.14624979189955
2012-08-30 17:00:00,818.2987787448296
2012-08-30 18:00:00,803.784924765347
2012-08-30 19:00:00,573.7923549331329
2012-08-30 20:00:00,401.75062831346025
2012-08-30 21:00:00,296.98111606839524
2012-08-30 22:00:00,220.4074578623563
2012-08-30 23:00:00,150.9590522175897
2012-08-31 00:00:00,55.57325281176429
2012-08-31 01:00:00,24.11446296226523
2012-08-31 02:00:00,9.14393334107126
2012-08-31 03:00:00,5.620104379630791
2012-08-31 04:00:00,7.4033134988457725
2012-08-31 05:00:00,37.726849824298476
2012-08-31 06:00:00,129.55975640459855
2012-08-31 07:00:00,353.4416881725161
2012-08-31 08:00:00,713.0051727404406
2012-08-31 09:00:00,352.8255817209475
2012-08-31 10:00:00,208.17132247120028
2012-08-31 11:00:00,238.79489177159465
2012-08-31 12:00:00,307.95006280827374
2012-08-31 13:00:00,293.4528699143275
2012-08-31 14:00:00,278.57565959936306
2012-08-31 15:00:00,282.89021671427406
2012-08-31 16:00:00,425.05618521896054
2012-08-31 17:00:00,756.7058443656226
2012-08-31 18:00:00,788.2864216023597
2012-08-31 19:00:00,555.3889739368265
2012-08-31 20:00:00,417.35320774976645
2012-08-31 21:00:00,297.16232822529804
2012-08-31 22:00:00,222.72984457753327
2012-08-31 23:00:00,147.73130987326851
2012-09-20 00:00:00,49.2814541423457
2012-09-20 01:00:00,23.35079936202468
2012-09-20 02:00:00,12.908916888192223
2012-09-20 03:00:00,7.933008270811445
2012-09-20 04:00:00,8.719141204454923
2012-09-20 05:00:00,46.216850203117644
2012-09-20 06:00:00,152.29885034540033
2012-09-20 07:00:00,458.7050486489163
2012-09-20 08:00:00,751.7254335479495
2012-09-20 09:00:00,368.0419915505922
2012-09-20 10:00:00,230.28348854780364
2012-09-20 11:00:00,278.2938671393013
2012-09-20 12:00:00,333.06033914109065
2012-09-20 13:00:00,311.23786164763527
2012-09-20 14:00:00,305.60345058775215
2012-09-20 15:00:00,336.82861741671184
2012-09-20 16:00:00,502.75236766687686
2012-09-20 17:00:00,895.7031528639262
2012-09-20 18:00:00,839.9960189153089
2012-09-20 19:00:00,558.282967410845
2012-09-20 20:00:00,368.24116977949166
2012-09-20 21:00:00,283.7697270995216
2012-09-20 22:00:00,199.38280728482664
2012-09-20 23:00:00,118.6029603455965
2012-09-21 00:00:00,50.85782921663786
2012-09-21 01:00:00,23.16615455151235
2012-09-21 02:00:00,11.525386767761377
2012-09-21 03:00:00,8.890982196715923
2012-09-21 04:00:00,9.34662196910152
2012-09-21 05:00:00,45.45897908855294
2012-09-21 06:00:00,158.11125522984116
2012-09-21 07:00:00,472.9875629065695
2012-09-21 08:00:00,765.2941158172187
2012-09-21 09:00:00,363.4035008160479
2012-09-21 10:00:00,214.49690319886534
2012-09-21 11:00:00,245.91782696249817
2012-09-21 12:00:00,298.73035708441233
2012-09-21 13:00:00,309.9744656161597
2012-09-21 14:00:00,306.0141424159524
2012-09-21 15:00:00,329.8432624338218
2012-09-21 16:00:00,499.4345811683391
2012-09-21 17:00:00,818.1505378668988
2012-09-21 18:00:00,857.3001382889252
2012-09-21 19:00:00,568.1654412949429
2012-09-21 20:00:00,355.0395171814633
2012-09-21 21:00:00,278.39249963005864
2012-09-21 22:00:00,202.83296620338965
2012-09-21 23:00:00,127.47807240897652
2012-09-22 00:00:00,131.4282252289889
2012-09-22 01:00:00,101.2815152944741
2012-09-22 02:00:00,80.83210834792175
2012-09-22 03:00:00,38.857183757412876
2012-09-22 04:00:00,10.72165058353797
2012-09-22 05:00:00,16.12155292302467
2012-09-22 06:00:00,28.371382214756906
2012-09-22 07:00:00,70.88020284011847
2012-09-22 08:00:00,158.94481813415496
2012-09-22 09:00:00,309.50516172951734
2012-09-22 10:00:00,403.22291365563984
2012-09-22 11:00:00,484.00730438353776
2012-09-22 12:00:00,578.7910961134728
2012-09-22 13:00:00,568.0407931261785
2012-09-22 14:00:00,570.5566294008928
2012-09-22 15:00:00,578.2151300208599
2012-09-22 16:00:00,588.5102964513384
2012-09-22 17:00:00,633.8290976144687
2012-09-22 18:00:00,555.380632847075
2012-09-22 19:00:00,432.77563192145277
2012-09-22 20:00:00,373.91640814204254
2012-09-22 21:00:00,274.2292848364903
2012-09-22 22:00:00,206.2549299224171
2012-09-22 23:00:00,179.52366004826362
2012-09-23 00:00:00,200.1977094542623
2012-09-23 01:00:00,90.71299444418426
2012-09-23 02:00:00,72.47516551740054
2012-09-23 03:00:00,36.59230772654348
2012-09-23 04:00:00,10.543604839622462
2012-09-23 05:00:00,13.165884594753303
2012-09-23 06:00:00,37.70683799689524
2012-09-23 07:00:00,88.04168877760725
2012-09-23 08:00:00,205.90170701462554
2012-09-23 09:00:00,295.49803813066126
2012-09-23 10:00:00,410.2304893419683
2012-09-23 11:00:00,490.9632779583265
2012-09-23 12:00:00,623.1222130945201
2012-09-23 13:00:00,666.8355085277627
2012-09-23 14:00:00,616.9312005061229
2012-09-23 15:00:00,647.2865937665963
2012-09-23 16:00:00,618.3755278590224
2012-09-23 17:00:00,569.0906240645094
2012-09-23 18:00:00,454.59035689305483
2012-09-23 19:00:00,364.8430932046335
2012-09-23 20:00:00,328.20543094559133
2012-09-23 21:00:00,208.67005676362217
2012-09-23 22:00:00,204.2193923579427
2012-09-23 23:00:00,128.3156872454205
2012-09-24 00:00:00,51.542963605657164
2012-09-24 01:00:00,21.366828409604828
2012-09-24 02:00:00,9.86035818957769
2012-09-24 03:00:00,7.585131807632051
2012-09-24 04:00:00,6.054521728888812
2012-09-24 05:00:00,44.20497511365492
2012-09-24 06:00:00,168.03429634355152
2012-09-24 07:00:00,433.3568710754123
2012-09-24 08:00:00,749.9745920108119
2012-09-24 09:00:00,361.5319916273653
2012-09-24 10:00:00,220.70801640489023
2012-09-24 11:00:00,256.58682080293073
2012-09-24 12:00:00,311.2202758704088
2012-09-24 13:00:00,301.3120452847657
2012-09-24 14:00:00,294.2913168803972
2012-09-24 15:00:00,319.87423652118883
2012-09-24 16:00:00,452.4609529729417
2012-09-24 17:00:00,834.997991541879
2012-09-24 18:00:00,739.8994621350398
2012-09-24 19:00:00,513.199172204041
2012-09-24 20:00:00,358.55768391309635
2012-09-24 21:00:00,234.6741663502594
2012-09-24 22:00:00,187.77536921073244
2012-09-24 23:00:00,124.14358123580432
2012-09-25 00:00:00,53.323146644804716
2012-09-25 01:00:00,21.270841090643003
2012-09-25 02:00:00,11.132902572654729
2012-09-25 03:00:00,7.605924654113426
2012-09-25 04:00:00,6.427462460626387
2012-09-25 05:00:00,46.21483198593079
2012-09-25 06:00:00,144.89163094788418
2012-09-25 07:00:00,452.6424363101367
2012-09-25 08:00:00,765.8181200744204
2012-09-25 09:00:00,353.13504084807397
2012-09-25 10:00:00,220.17246551414755
2012-09-25 11:00:00,274.03905553997225
2012-09-25 12:00:00,349.174607178459
2012-09-25 13:00:00,322.33744130520546
2012-09-25 14:00:00,323.1514929211636
2012-09-25 15:00:00,352.9445114877514
2012-09-25 16:00:00,525.4103153160102
2012-09-25 17:00:00,921.386451276133
2012-09-25 18:00:00,892.1871481121077
2012-09-25 19:00:00,600.6429511078326
2012-09-25 20:00:00,373.2534392274057
2012-09-25 21:00:00,277.54499378659733
2012-09-25 22:00:00,204.1027057352532
2012-09-25 23:00:00,138.14787871012825
2012-09-26 00:00:00,51.137430279817735
2012-09-26 01:00:00,19.158100391896316
2012-09-26 02:00:00,7.959547410508268
2012-09-26 03:00:00,5.292053268539564
2012-09-26 04:00:00,8.842816163639005
2012-09-26 05:00:00,46.127846676200356
2012-09-26 06:00:00,182.80471166192072
2012-09-26 07:00:00,459.60325148983037
2012-09-26 08:00:00,789.7684905398254
2012-09-26 09:00:00,340.48809844605336
2012-09-26 10:00:00,221.29370011221147
2012-09-26 11:00:00,253.7688741566094
2012-09-26 12:00:00,314.7358966669362
2012-09-26 13:00:00,296.2454964344299
2012-09-26 14:00:00,313.07985378835446
2012-09-26 15:00:00,339.9483072622219
2012-09-26 16:00:00,511.02980364018015
2012-09-26 17:00:00,896.2265140710525
2012-09-26 18:00:00,904.5698637915023
2012-09-26 19:00:00,618.842605401276
2012-09-26 20:00:00,405.88042206821564
2012-09-26 21:00:00,299.10643697917243
2012-09-26 22:00:00,174.41749810743804
2012-09-26 23:00:00,104.96055514328148
2012-09-27 00:00:00,62.15743605355154
2012-09-27 01:00:00,23.94888146489319
2012-09-27 02:00:00,12.703420419967323
2012-09-27 03:00:00,9.299359099598854
2012-09-27 04:00:00,8.41622967516718
2012-09-27 05:00:00,46.38338612776228
2012-09-27 06:00:00,154.0558323141386
2012-09-27 07:00:00,472.40200214483156
2012-09-27 08:00:00,785.3362870734036
2012-09-27 09:00:00,361.0030142365766
2012-09-27 10:00:00,239.89020394269684
2012-09-27 11:00:00,268.46968224160065
2012-09-27 12:00:00,335.0912233451706
2012-09-27 13:00:00,300.16765159372994
2012-09-27 14:00:00,302.6269913399975
2012-09-27 15:00:00,329.54260494009577
2012-09-27 16:00:00,416.5408476356119
2012-09-27 17:00:00,683.5190130718096
2012-09-27 18:00:00,837.9169256477278
2012-09-27 19:00:00,574.7449471581801
2012-09-27 20:00:00,362.29924430095866
2012-09-27 21:00:00,145.538397631848
2012-09-27 22:00:00,119.78350402366351
2012-09-27 23:00:00,88.7201204037701
2012-09-28 00:00:00,29.435333944278987
2012-09-28 01:00:00,12.333816367456581
2012-09-28 02:00:00,5.5551660683037145
2012-09-28 03:00:00,7.587954708199193
2012-09-28 04:00:00,6.239535241574729
2012-09-28 05:00:00,44.319411493900965
2012-09-28 06:00:00,123.3443888686776
2012-09-28 07:00:00,357.8392387325316
2012-09-28 08:00:00,782.2142532302537
2012-09-28 09:00:00,348.9451907197345
2012-09-28 10:00:00,193.6111684407605
2012-09-28 11:00:00,240.38885259173483
2012-09-28 12:00:00,333.90057325661064
2012-09-28 13:00:00,295.8318696902839
2012-09-28 14:00:00,298.97800177499124
2012-09-28 15:00:00,327.8121952882048
2012-09-28 16:00:00,498.70751645961576
2012-09-28 17:00:00,895.6067040045572
2012-09-28 18:00:00,893.626362852646
2012-09-28 19:00:00,493.5561973784724
2012-09-28 20:00:00,298.20084119987075
2012-09-28 21:00:00,249.81197770079356
2012-09-28 22:00:00,188.72687678057903
2012-09-28 23:00:00,107.26903630986175
2012-09-29 00:00:00,135.61362778220985
2012-09-29 01:00:00,106.64818060189872
2012-09-29 02:00:00,66.82258904302819
2012-09-29 03:00:00,37.595526842263396
2012-09-29 04:00:00,13.66979607775845
2012-09-29 05:00:00,14.921754714004624
2012-09-29 06:00:00,44.83225566196438
2012-09-29 07:00:00,83.72276763599932
2012-09-29 08:00:00,172.1261326422991
2012-09-29 09:00:00,311.9797653712946
2012-09-29 10:00:00,385.405853377669
2012-09-29 11:00:00,443.031822073418
2012-09-29 12:00:00,630.0404028063012
2012-09-29 13:00:00,657.0545166745417
2012-09-29 14:00:00,605.6766340674719
2012-09-29 15:00:00,636.4415172523398
2012-09-29 16:00:00,636.687201234882
2012-09-29 17:00:00,621.9686572181035
2012-09-29 18:00:00,456.90094703966645
2012-09-29 19:00:00,358.0825584160698
2012-09-29 20:00:00,326.9482076761575
2012-09-29 21:00:00,224.4062492792861
2012-09-29 22:00:00,179.61826633281922
2012-09-29 23:00:00,145.62754331816672
2012-09-30 00:00:00,137.37962484414405
2012-09-30 01:00:00,102.49944335828762
2012-09-30 02:00:00,70.46972468683609
2012-09-30 03:00:00,35.53075515477359
2012-09-30 04:00:00,9.8460720719477
2012-09-30 05:00:00,13.43772108572873
2012-09-30 06:00:00,30.128308565479735
2012-09-30 07:00:00,72.22693286147945
2012-09-30 08:00:00,162.91497208119978
2012-09-30 09:00:00,318.9718112996378
2012-09-30 10:00:00,423.2356460965782
2012-09-30 11:00:00,543.8893701108791
2012-09-30 12:00:00,630.0404028063012
2012-09-30 13:00:00,661.8278039820725
2012-09-30 14:00:00,625.2162045444328
2012-09-30 15:00:00,694.6597209285044
2012-09-30 16:00:00,665.6885222641426
2012-09-30 17:00:00,638.8572441082844
2012-09-30 18:00:00,491.39993420616054
2012-09-30 19:00:00,215.6725309615182
2012-09-30 20:00:00,147.39325086602787
2012-09-30 21:00:00,186.1703432495987
2012-09-30 22:00:00,173.77681307903146
2012-09-30 23:00:00,125.72816934058875
2012-10-20 00:00:00,139.8282948197623
2012-10-20 01:00:00,99.16131188526668
2012-10-20 02:00:00,65.05527614256641
2012-10-20 03:00:00,29.143556641103753
2012-10-20 04:00:00,11.087211376485188
2012-10-20 05:00:00,13.414467964172008
2012-10-20 06:00:00,36.654295048222494
2012-10-20 07:00:00,93.7250300836962
2012-10-20 08:00:00,171.9365229900101
2012-10-20 09:00:00,309.6739091110918
2012-10-20 10:00:00,384.8097762363179
2012-10-20 11:00:00,445.3210997732755
2012-10-20 12:00:00,651.6304576803815
2012-10-20 13:00:00,589.6020573684034
2012-10-20 14:00:00,570.3230611546553
2012-10-20 15:00:00,639.0161000239816
2012-10-20 16:00:00,593.6723195490764
2012-10-20 17:00:00,568.7825919884081
2012-10-20 18:00:00,471.2680915612081
2012-10-20 19:00:00,346.56212955437513
2012-10-20 20:00:00,307.54668471606874
2012-10-20 21:00:00,199.03868064796603
2012-10-20 22:00:00,176.9749974029144
2012-10-20 23:00:00,156.03012217820344
2012-10-21 00:00:00,120.66236953190564
2012-10-21 01:00:00,92.58974694182267
2012-10-21 02:00:00,63.99014478255235
2012-10-21 03:00:00,30.143961040528243
2012-10-21 04:00:00,10.104348741643019
2012-10-21 05:00:00,10.860546986187183
2012-10-21 06:00:00,37.798393850958995
2012-10-21 07:00:00,81.08363941344571
2012-10-21 08:00:00,173.99540409487545
2012-10-21 09:00:00,310.0300304089163
2012-10-21 10:00:00,371.8224594940438
2012-10-21 11:00:00,482.1138231493815
2012-10-21 12:00:00,598.6250220408842
2012-10-21 13:00:00,585.3486860806191
2012-10-21 14:00:00,552.2993103032628
2012-10-21 15:00:00,592.7171180029528
2012-10-21 16:00:00,599.1337097783555
2012-10-21 17:00:00,561.4816496422287
2012-10-21 18:00:00,467.47489640688315
2012-10-21 19:00:00,348.07395153898847
2012-10-21 20:00:00,297.2321270502705
2012-10-21 21:00:00,201.4471166619726
2012-10-21 22:00:00,193.14646776052143
2012-10-21 23:00:00,156.46822696702063
2012-10-22 00:00:00,59.10800395230444
2012-10-22 01:00:00,22.273663152084467
2012-10-22 02:00:00,9.573928056605975
2012-10-22 03:00:00,6.99206423413803
2012-10-22 04:00:00,6.8146824205743215
2012-10-22 05:00:00,41.560981414201954
2012-10-22 06:00:00,130.11032816874066
2012-10-22 07:00:00,416.0981461974554
2012-10-22 08:00:00,718.4210441037787
2012-10-22 09:00:00,397.81443267197994
2012-10-22 10:00:00,223.54209047093292
2012-10-22 11:00:00,274.15204012172285
2012-10-22 12:00:00,333.10369540473687
2012-10-22 13:00:00,352.4975760190638
2012-10-22 14:00:00,318.7859573385128
2012-10-22 15:00:00,372.1660138927006
2012-10-22 16:00:00,533.4929642580621
2012-10-22 17:00:00,922.5579653104124
2012-10-22 18:00:00,785.0687239282619
2012-10-22 19:00:00,542.5380386211416
2012-10-22 20:00:00,360.9691635175442
2012-10-22 21:00:00,243.98083979948305
2012-10-22 22:00:00,181.14437081453977
2012-10-22 23:00:00,116.10883265437712
2012-10-23 00:00:00,56.684208473198815
2012-10-23 01:00:00,22.843876426031645
2012-10-23 02:00:00,7.692370417626858
2012-10-23 03:00:00,6.074426885056326
2012-10-23 04:00:00,9.030801995022271
2012-10-23 05:00:00,43.078039768715804
2012-10-23 06:00:00,136.15208112628935
2012-10-23 07:00:00,381.1753033307752
2012-10-23 08:00:00,758.8499522174054
2012-10-23 09:00:00,372.68227513013323
2012-10-23 10:00:00,237.47406969634756
2012-10-23 11:00:00,284.9751861022496
2012-10-23 12:00:00,349.8410727129605
2012-10-23 13:00:00,346.41401950822956
2012-10-23 14:00:00,334.9160683482578
2012-10-23 15:00:00,377.12470334593564
2012-10-23 16:00:00,541.3838952975963
2012-10-23 17:00:00,992.8256882489724
2012-10-23 18:00:00,930.9763969400275
2012-10-23 19:00:00,618.4703857595656
2012-10-23 20:00:00,390.21222145173783
2012-10-23 21:00:00,280.36407240671
2012-10-23 22:00:00,212.88021782894248
2012-10-23 23:00:00,138.40444983147634
2012-10-24 00:00:00,60.91148479502392
2012-10-24 01:00:00,25.133236190471955
2012-10-24 02:00:00,9.64316141052454
2012-10-24 03:00:00,6.982827671715455
2012-10-24 04:00:00,9.76034749692544
2012-10-24 05:00:00,42.254157820635776
2012-10-24 06:00:00,149.6640455440762
2012-10-24 07:00:00,395.84789442492047
2012-10-24 08:00:00,670.1409098324783
2012-10-24 09:00:00,340.1047333956841
2012-10-24 10:00:00,205.47274934502286
2012-10-24 11:00:00,264.3322371344312
2012-10-24 12:00:00,323.1832231426967
2012-10-24 13:00:00,375.9690712259584
2012-10-24 14:00:00,333.75729399460033
2012-10-24 15:00:00,375.39999548960054
2012-10-24 16:00:00,544.2667188895343
2012-10-24 17:00:00,983.6924194050223
2012-10-24 18:00:00,951.8806934746418
2012-10-24 19:00:00,637.2220686453064
2012-10-24 20:00:00,380.64883249616264
2012-10-24 21:00:00,294.1367705753841
2012-10-24 22:00:00,217.47871850613157
2012-10-24 23:00:00,121.99124502223255
2012-10-25 00:00:00,56.770317699726824
2012-10-25 01:00:00,25.283743551843017
2012-10-25 02:00:00,10.956400284179075
2012-10-25 03:00:00,5.3546173944265085
2012-10-25 04:00:00,7.848738484873049
2012-10-25 05:00:00,36.1718141436222
2012-10-25 06:00:00,132.10360144993575
2012-10-25 07:00:00,333.7646415502854
2012-10-25 08:00:00,668.4497060474786
2012-10-25 09:00:00,316.18336288677347
2012-10-25 10:00:00,176.70988942713564
2012-10-25 11:00:00,188.81886995806292
2012-10-25 12:00:00,240.19201289083117
2012-10-25 13:00:00,211.54307875725104
2012-10-25 14:00:00,279.12775066216324
2012-10-25 15:00:00,324.3524741371088
2012-10-25 16:00:00,448.7999583857972
2012-10-25 17:00:00,769.3658553372328
2012-10-25 18:00:00,563.5390135139136
2012-10-25 19:00:00,399.8661915793716
2012-10-25 20:00:00,255.18702287422764
2012-10-25 21:00:00,195.25925573092957
2012-10-25 22:00:00,166.70435891461497
2012-10-25 23:00:00,100.10034389754894
2012-10-26 00:00:00,47.64853274725129
2012-10-26 01:00:00,19.062775870411873
2012-10-26 02:00:00,6.854350447877768
2012-10-26 03:00:00,5.364685600990825
2012-10-26 04:00:00,7.838409409537823
2012-10-26 05:00:00,36.777331949574695
2012-10-26 06:00:00,136.08360587290449
2012-10-26 07:00:00,375.9753334120757
2012-10-26 08:00:00,611.7786530950711
2012-10-26 09:00:00,316.5400388449274
2012-10-26 10:00:00,169.93937005941223
2012-10-26 11:00:00,195.79617977976218
2012-10-26 12:00:00,259.92460202325844
2012-10-26 13:00:00,273.2491426759849
2012-10-26 14:00:00,278.3886208358138
2012-10-26 15:00:00,314.46293888959735
2012-10-26 16:00:00,392.4018116849845
2012-10-26 17:00:00,592.0907138668304
2012-10-26 18:00:00,605.9448810440113
2012-10-26 19:00:00,381.31191796841927
2012-10-26 20:00:00,263.29954001455155
2012-10-26 21:00:00,220.69422379341017
2012-10-26 22:00:00,163.51906268614155
2012-10-26 23:00:00,116.62651774591052
2012-10-27 00:00:00,120.6856682827494
2012-10-27 01:00:00,87.17612867245174
2012-10-27 02:00:00,50.46931441867605
2012-10-27 03:00:00,26.712526747555312
2012-10-27 04:00:00,9.951577446891132
2012-10-27 05:00:00,11.047827588140667
2012-10-27 06:00:00,30.312249569728277
2012-10-27 07:00:00,85.12780233772294
2012-10-27 08:00:00,148.32543292996334
2012-10-27 09:00:00,247.16074975025435
2012-10-27 10:00:00,341.7052462097805
2012-10-27 11:00:00,456.93966359341033
2012-10-27 12:00:00,591.4620873025948
2012-10-27 13:00:00,617.2259462631363
2012-10-27 14:00:00,578.6185096238154
2012-10-27 15:00:00,475.4868101639309
2012-10-27 16:00:00,515.2480287341167
2012-10-27 17:00:00,565.8554656439544
2012-10-27 18:00:00,467.54458320775234
2012-10-27 19:00:00,335.95300290161885
2012-10-27 20:00:00,274.8506334572683
2012-10-27 21:00:00,196.43554397035922
2012-10-27 22:00:00,160.6420966691149
2012-10-27 23:00:00,99.25971918821303
2012-10-28 00:00:00,82.97151679525754
2012-10-28 01:00:00,93.64015871352689
2012-10-28 02:00:00,51.14489668642952
2012-10-28 03:00:00,29.377420937933426
2012-10-28 04:00:00,13.060601169030775
2012-10-28 05:00:00,11.202722560138998
2012-10-28 06:00:00,42.93987787220385
2012-10-28 07:00:00,90.28295197048985
2012-10-28 08:00:00,193.2025092055652
2012-10-28 09:00:00,291.1424997734308
2012-10-28 10:00:00,333.69087154583605
2012-10-28 11:00:00,353.46889399356917
2012-10-28 12:00:00,465.3486457935087
2012-10-28 13:00:00,417.70018850737785
2012-10-28 14:00:00,371.5737975084627
2012-10-28 15:00:00,439.45161948045086
2012-10-28 16:00:00,304.7563279371486
2012-10-28 17:00:00,289.11433565921783
2012-10-28 18:00:00,191.29498268017738
2012-10-28 19:00:00,164.73363434344134
2012-10-28 20:00:00,124.68012182916158
2012-10-28 21:00:00,107.6192032178301
2012-10-28 22:00:00,89.98049058939843
2012-10-28 23:00:00,66.0111899877442
2012-10-29 00:00:00,31.344254290844113
2012-10-30 13:00:00,96.12773389801772
2012-10-30 14:00:00,100.03472015106553
2012-10-30 15:00:00,104.75822276738829
2012-10-30 16:00:00,156.50343630892286
2012-10-30 17:00:00,314.65641897756103
2012-10-30 18:00:00,286.2856813279531
2012-10-30 19:00:00,456.8723096297593
2012-10-30 20:00:00,203.40406241548615
2012-10-30 21:00:00,167.78958673648765
2012-10-30 22:00:00,139.7880919080472
2012-10-30 23:00:00,82.5920553238371
2012-10-31 00:00:00,33.91001817570586
2012-10-31 01:00:00,16.10978523121154
2012-10-31 02:00:00,6.353060137378164
2012-10-31 03:00:00,3.6708719202977953
2012-10-31 04:00:00,5.921889414739305
2012-10-31 05:00:00,31.90205189682355
2012-10-31 06:00:00,121.1335530003152
2012-10-31 07:00:00,333.0502192173115
2012-10-31 08:00:00,600.8152774708391
2012-10-31 09:00:00,299.6273591278019
2012-10-31 10:00:00,191.1259442890153
2012-10-31 11:00:00,204.04598758799554
2012-10-31 12:00:00,277.08175349596354
2012-10-31 13:00:00,270.5999579700605
2012-10-31 14:00:00,234.21249029644687
2012-10-31 15:00:00,281.0756179266743
2012-10-31 16:00:00,386.98347783772266
2012-10-31 17:00:00,636.4342376766883
2012-10-31 18:00:00,597.6967948117924
2012-10-31 19:00:00,425.0673241028615
2012-10-31 20:00:00,285.3704108608965
2012-10-31 21:00:00,212.36037371967288
2012-10-31 22:00:00,172.7583661189248
2012-10-31 23:00:00,126.77434433230262
2012-11-20 00:00:00,48.27408858020043
2012-11-20 01:00:00,20.72336634243123
2012-11-20 02:00:00,9.153421592170673
2012-11-20 03:00:00,4.711830810775161
2012-11-20 04:00:00,7.749035849620951
2012-11-20 05:00:00,34.251161855674546
2012-11-20 06:00:00,122.5436597915678
2012-11-20 07:00:00,428.2421474878313
2012-11-20 08:00:00,677.3515679666805
2012-11-20 09:00:00,338.2000785958388
2012-11-20 10:00:00,189.7366253882108
2012-11-20 11:00:00,208.02896434380514
2012-11-20 12:00:00,246.3716549995475
2012-11-20 13:00:00,252.94054778605417
2012-11-20 14:00:00,238.52142339658852
2012-11-20 15:00:00,264.2334707789735
2012-11-20 16:00:00,356.2996697551291
2012-11-20 17:00:00,520.080661970989
2012-11-20 18:00:00,516.6839369916157
2012-11-20 19:00:00,372.64009117548994
2012-11-20 20:00:00,252.5684996783142
2012-11-20 21:00:00,215.99178480673737
2012-11-20 22:00:00,163.60625695349458
2012-11-20 23:00:00,101.85278103084894
2012-11-21 00:00:00,40.599569114428036
2012-11-21 01:00:00,18.33795817409651
2012-11-21 02:00:00,6.409647678877879
2012-11-21 03:00:00,4.39736679430284
2012-11-21 04:00:00,6.707207449461416
2012-11-21 05:00:00,34.4150182408387
2012-11-21 06:00:00,135.95662679228923
2012-11-21 07:00:00,376.38863688935646
2012-11-21 08:00:00,591.0909602707037
2012-11-21 09:00:00,319.45847062566713
2012-11-21 10:00:00,186.66529008225692
2012-11-21 11:00:00,226.21876139329024
2012-11-21 12:00:00,281.48167011615305
2012-11-21 13:00:00,274.0980668538529
2012-11-21 14:00:00,260.8074676708466
2012-11-21 15:00:00,293.80398956453587
2012-11-21 16:00:00,383.56232310271315
2012-11-21 17:00:00,620.5613864547329
2012-11-21 18:00:00,590.3024338697729
2012-11-21 19:00:00,399.0516133513053
2012-11-21 20:00:00,269.85486736333274
2012-11-21 21:00:00,215.48319225338702
2012-11-21 22:00:00,160.37708730199464
2012-11-21 23:00:00,118.17121829133892
2012-11-22 00:00:00,79.26182472922986
2012-11-22 01:00:00,70.78974730896981
2012-11-22 02:00:00,60.08721178621458
2012-11-22 03:00:00,19.256525218232735
2012-11-22 04:00:00,9.71700749163945
2012-11-22 05:00:00,10.668436842240304
2012-11-22 06:00:00,17.465300422180928
2012-11-22 07:00:00,49.88411932943642
2012-11-22 08:00:00,116.05790389748859
2012-11-22 09:00:00,174.45696628105424
2012-11-22 10:00:00,243.19474658304566
2012-11-22 11:00:00,289.5666137662694
2012-11-22 12:00:00,372.6853981448541
2012-11-22 13:00:00,393.4547134644795
2012-11-22 14:00:00,369.88952237359905
2012-11-22 15:00:00,401.5596960092442
2012-11-22 16:00:00,368.10096486459486
2012-11-22 17:00:00,278.1389337532741
2012-11-22 18:00:00,214.057025613474
2012-11-22 19:00:00,161.62169650081097
2012-11-22 20:00:00,187.87557989542185
2012-11-22 21:00:00,141.21876683503385
2012-11-22 22:00:00,118.42693197205861
2012-11-22 23:00:00,87.5025181413701
2012-11-23 00:00:00,39.70604872708858
2012-11-23 01:00:00,17.578974752152593
2012-11-23 02:00:00,7.563406184709146
2012-11-23 03:00:00,4.677720270337975
2012-11-23 04:00:00,7.248278184708846
2012-11-23 05:00:00,35.306452795395636
2012-11-23 06:00:00,118.43364982254307
2012-11-23 07:00:00,400.25994517112343
2012-11-23 08:00:00,760.5530365144712
2012-11-23 09:00:00,307.1830920725196
2012-11-23 10:00:00,181.0304177387488
2012-11-23 11:00:00,226.21876139329024
2012-11-23 12:00:00,281.97478753565616
2012-11-23 13:00:00,282.39007619166796
2012-11-23 14:00:00,254.36281149390706
2012-11-23 15:00:00,281.68999645526793
2012-11-23 16:00:00,400.5244383278072
2012-11-23 17:00:00,740.8815108134821
2012-11-23 18:00:00,621.2385446605354
2012-11-23 19:00:00,436.5358969587501
2012-11-23 20:00:00,327.4444879705931
2012-11-23 21:00:00,233.44127702569335
2012-11-23 22:00:00,160.00073086869656
2012-11-23 23:00:00,103.25336570583885
2012-11-24 00:00:00,115.94061508365212
2012-11-24 01:00:00,79.90346442915398
2012-11-24 02:00:00,57.03893642153907
2012-11-24 03:00:00,23.073141999898613
2012-11-24 04:00:00,10.3174830126241
2012-11-24 05:00:00,10.47731245786526
2012-11-24 06:00:00,19.513365618749646
2012-11-24 07:00:00,72.31784261344973
2012-11-24 08:00:00,124.732918801038
2012-11-24 09:00:00,217.72123797244635
2012-11-24 10:00:00,252.78652590154903
2012-11-24 11:00:00,320.86584752726174
2012-11-24 12:00:00,391.30432537076354
2012-11-24 13:00:00,426.9696252289991
2012-11-24 14:00:00,367.814599579856
2012-11-24 15:00:00,325.06637632720583
2012-11-24 16:00:00,397.7362815784588
2012-11-24 17:00:00,263.67194267010063
2012-11-24 18:00:00,249.3508027272332
2012-11-24 19:00:00,195.93823740221504
2012-11-24 20:00:00,163.48061938556998
2012-11-24 21:00:00,107.92393237425804
2012-11-24 22:00:00,100.49347040397402
2012-11-24 23:00:00,86.7836435502981
2012-11-25 00:00:00,83.28398253276724
2012-11-25 01:00:00,76.44700519189311
2012-11-25 02:00:00,56.42516099763874
2012-11-25 03:00:00,20.508366692397832
2012-11-25 04:00:00,9.335057429159207
2012-11-25 05:00:00,6.832150625056327
2012-11-25 06:00:00,13.981254817749782
2012-11-25 07:00:00,43.05369655661905
2012-11-25 08:00:00,103.28587915636852
2012-11-25 09:00:00,180.03015742601383
2012-11-25 10:00:00,226.2014158534357
2012-11-25 11:00:00,259.0598305364173
2012-11-25 12:00:00,315.21444335141723
2012-11-25 13:00:00,348.33081765478954
2012-11-25 14:00:00,320.94051029284054
2012-11-25 15:00:00,370.4312141174758
2012-11-25 16:00:00,348.53770713615097
2012-11-25 17:00:00,270.4599876833978
2012-11-25 18:00:00,197.53360781594492
2012-11-25 19:00:00,175.47441007033717
2012-11-25 20:00:00,150.72120087119768
2012-11-25 21:00:00,107.3933210094882
2012-11-25 22:00:00,103.88871944503326
2012-11-25 23:00:00,83.5626033434645
2012-11-26 00:00:00,31.737362879466986
2012-11-26 01:00:00,15.579243556711273
2012-11-26 02:00:00,5.742465136490947
2012-11-26 03:00:00,4.529445245249503
2012-11-26 04:00:00,5.631582144028159
2012-11-26 05:00:00,34.353235409765276
2012-11-26 06:00:00,104.96257305025075
2012-11-26 07:00:00,322.69277187801913
2012-11-26 08:00:00,632.8199635594721
2012-11-26 09:00:00,308.9137073317006
2012-11-26 10:00:00,181.59398216972298
2012-11-26 11:00:00,234.06910804803658
2012-11-26 12:00:00,284.96233535007684
2012-11-26 13:00:00,279.69560959997386
2012-11-26 14:00:00,253.77317120354965
2012-11-26 15:00:00,271.7614516261683
2012-11-26 16:00:00,389.8907950819894
2012-11-26 17:00:00,645.6684026171805
2012-11-26 18:00:00,573.430019540421
2012-11-26 19:00:00,391.8963578084357
2012-11-26 20:00:00,277.09591065194985
2012-11-26 21:00:00,208.18829328615283
2012-11-26 22:00:00,156.52075068805485
2012-11-26 23:00:00,107.89252324417657
2012-11-27 00:00:00,44.0804041360538
2012-11-27 01:00:00,18.34172072582779
2012-11-27 02:00:00,8.228216720983642
2012-11-27 03:00:00,3.2704005195172536
2012-11-27 04:00:00,5.774730186595147
2012-11-27 05:00:00,30.877952158774473
2012-11-27 06:00:00,124.39194754677892
2012-11-27 07:00:00,232.07695699349583
2012-11-27 08:00:00,305.5317544180512
2012-11-27 09:00:00,304.71362526397996
2012-11-27 10:00:00,94.1153190941146
2012-11-27 11:00:00,95.06413422276937
2012-11-27 12:00:00,93.18988235278397
2012-11-27 13:00:00,96.48457734840575
2012-11-27 14:00:00,98.35775745518268
2012-11-27 15:00:00,181.94340188027724
2012-11-27 16:00:00,255.30647151753294
2012-11-27 17:00:00,441.13087965077153
2012-11-27 18:00:00,325.5743331355408
2012-11-27 19:00:00,304.1624620141677
2012-11-27 20:00:00,202.81157272619683
2012-11-27 21:00:00,134.85816873852238
2012-11-27 22:00:00,117.26321803313348
2012-11-27 23:00:00,79.00628354859917
2012-11-28 00:00:00,32.73417617155491
2012-11-28 01:00:00,16.579639388535757
2012-11-28 02:00:00,8.708144256258374
2012-11-28 03:00:00,4.178865419504334
2012-11-28 04:00:00,7.274783715588626
2012-11-28 05:00:00,32.70993283063959
2012-11-28 06:00:00,112.2405789994112
2012-11-28 07:00:00,296.1249929699096
2012-11-28 08:00:00,678.6858951141869
2012-11-28 09:00:00,312.7819667142407
2012-11-28 10:00:00,178.29401527490197
2012-11-28 11:00:00,212.42889274857203
2012-11-28 12:00:00,256.8981957081894
2012-11-28 13:00:00,247.19687486058038
2012-11-28 14:00:00,234.53307282008868
2012-11-28 15:00:00,259.5730304685043
2012-11-28 16:00:00,358.27767266268677
2012-11-28 17:00:00,561.3462135067239
2012-11-28 18:00:00,480.4471892937842
2012-11-28 19:00:00,369.84958764100713
2012-11-28 20:00:00,268.36465766205157
2012-11-28 21:00:00,183.06633248830025
2012-11-28 22:00:00,141.6293309997014
2012-11-28 23:00:00,83.94746694857228
2012-11-29 00:00:00,33.86186335639322
2012-11-29 01:00:00,15.641540467958677
2012-11-29 02:00:00,5.260293043553764
2012-11-29 04:00:00,6.98120791187907
2012-11-29 05:00:00,34.30284951896105
2012-11-29 06:00:00,104.96257305025075
2012-11-29 07:00:00,322.64397356714085
2012-11-29 08:00:00,681.8129178052827
2012-11-29 09:00:00,310.48063972670366
2012-11-29 10:00:00,163.41699335261058
2012-11-29 11:00:00,228.1383901394453
2012-11-29 12:00:00,271.3241864012961
2012-11-29 13:00:00,273.50153669257423
2012-11-29 14:00:00,234.31651506666253
2012-11-29 15:00:00,262.01214297551246
2012-11-29 16:00:00,358.9971159745818
2012-11-29 17:00:00,560.7818843219949
2012-11-29 18:00:00,506.1930831481845
2012-11-29 19:00:00,336.82824001361803
2012-11-29 20:00:00,253.8011692628496
2012-11-29 21:00:00,146.02486509378988
2012-11-29 22:00:00,120.6962315634707
2012-11-29 23:00:00,101.26489872828816
2012-11-30 00:00:00,35.81879518271107
2012-11-30 01:00:00,16.67826725340402
2012-11-30 02:00:00,6.89753596660331
2012-11-30 03:00:00,4.322363920396853
2012-11-30 04:00:00,6.556552432594051
2012-11-30 05:00:00,35.09804725872653
2012-11-30 06:00:00,115.35347042164663
2012-11-30 07:00:00,393.6866952677911
2012-11-30 08:00:00,722.1555520252398
2012-11-30 09:00:00,314.2196304998807
2012-11-30 10:00:00,162.86494424501512
2012-11-30 11:00:00,210.74074889543843
2012-11-30 12:00:00,265.0525208223582
2012-11-30 13:00:00,248.53033461459532
2012-11-30 14:00:00,232.76053859094583
2012-11-30 15:00:00,268.52722920012883
2012-11-30 16:00:00,375.10044058914144
2012-11-30 17:00:00,610.379067179463
2012-11-30 18:00:00,481.54311293407056
2012-11-30 19:00:00,331.1314432779367
2012-11-30 20:00:00,255.19826607542927
2012-11-30 21:00:00,180.86397067616497
2012-11-30 22:00:00,142.75724832729247
2012-11-30 23:00:00,89.36052002901913
2012-12-20 00:00:00,48.01249359756525
2012-12-20 01:00:00,18.744728449096364
2012-12-20 02:00:00,6.4661300558597175
2012-12-20 03:00:00,3.82047986929972
2012-12-20 04:00:00,6.23824775342568
2012-12-20 05:00:00,35.16148565214117
2012-12-20 06:00:00,104.56686795377477
2012-12-20 07:00:00,398.0854832063843
2012-12-20 08:00:00,536.7571847353231
2012-12-20 09:00:00,311.3630444135178
2012-12-20 10:00:00,165.9765492043244
2012-12-20 11:00:00,195.19403466449367
2012-12-20 12:00:00,256.2653765449416
2012-12-20 13:00:00,225.86235683971353
2012-12-20 14:00:00,215.4015199418775
2012-12-20 15:00:00,208.33227417460023
2012-12-20 16:00:00,327.52634507137685
2012-12-20 17:00:00,468.19810316198465
2012-12-20 18:00:00,472.1335374549374
2012-12-20 19:00:00,213.4930784085567
2012-12-20 20:00:00,150.36554739397516
2012-12-20 21:00:00,123.97359890868437
2012-12-20 22:00:00,80.77204187329899
2012-12-20 23:00:00,50.64200535407542
2012-12-21 00:00:00,16.09319385185397
2012-12-21 01:00:00,6.45292640469994
2012-12-21 02:00:00,5.179217644943954
2012-12-21 03:00:00,2.505169427122581
2012-12-21 04:00:00,2.522366771210579
2012-12-21 05:00:00,17.30433449300318
2012-12-21 06:00:00,89.91476026804825
2012-12-21 07:00:00,252.127250125851
2012-12-21 08:00:00,468.6910976538478
2012-12-21 09:00:00,215.05796214630283
2012-12-21 10:00:00,132.9564358216978
2012-12-21 11:00:00,135.83664433804756
2012-12-21 12:00:00,168.47340301363656
2012-12-21 13:00:00,149.36676242679323
2012-12-21 14:00:00,139.98508005546557
2012-12-21 15:00:00,130.445769291067
2012-12-21 16:00:00,183.99888705322772
2012-12-21 17:00:00,289.3480780028123
2012-12-21 18:00:00,273.5530281989538
2012-12-21 19:00:00,222.1261437032149
2012-12-21 20:00:00,172.1710543184348
2012-12-21 21:00:00,129.77767931080163
2012-12-21 22:00:00,86.76897903851884
2012-12-21 23:00:00,48.15592186715363
2012-12-22 00:00:00,54.946938469064584
2012-12-22 01:00:00,46.601679518965746
2012-12-22 02:00:00,37.452371068170805
2012-12-22 03:00:00,16.266815917323378
2012-12-22 04:00:00,4.444685684193336
2012-12-22 05:00:00,5.127786049965028
2012-12-22 06:00:00,10.256207890937658
2012-12-22 07:00:00,35.79331472093773
2012-12-22 08:00:00,75.40787461877174
2012-12-22 09:00:00,126.0053948332457
2012-12-22 10:00:00,179.96235921844996
2012-12-22 11:00:00,220.70244630408445
2012-12-22 12:00:00,261.1776879695581
2012-12-22 13:00:00,296.113147523982
2012-12-22 14:00:00,247.90091053241653
2012-12-22 15:00:00,261.63590490794036
2012-12-22 16:00:00,224.05279419494323
2012-12-22 17:00:00,201.71354124186382
2012-12-22 18:00:00,153.2841200825138
2012-12-22 19:00:00,125.70449472297061
2012-12-22 20:00:00,108.54576800905166
2012-12-22 21:00:00,74.51891603828616
2012-12-22 22:00:00,64.52529683759109
2012-12-22 23:00:00,41.04832599784447
2012-12-23 00:00:00,48.95438060274681
2012-12-23 01:00:00,46.274448735270056
2012-12-23 02:00:00,33.90739344343571
2012-12-23 03:00:00,15.349113494066646
2012-12-23 04:00:00,4.219880318939766
2012-12-23 05:00:00,4.024409060506435
2012-12-23 06:00:00,7.2898225517981246
2012-12-23 07:00:00,23.739215934257086
2012-12-23 08:00:00,61.32755432450398
2012-12-23 09:00:00,121.75972495189934
2012-12-23 10:00:00,171.36523120472697
2012-12-23 11:00:00,179.274398644309
2012-12-23 12:00:00,274.24263426779805
2012-12-23 13:00:00,332.88733994559675
2012-12-23 14:00:00,278.06162865953195
2012-12-23 15:00:00,352.9292372819898
2012-12-23 16:00:00,290.4478230679601
2012-12-23 17:00:00,226.59727709593633
2012-12-23 18:00:00,160.25724457295308
2012-12-23 19:00:00,142.1487214974642
2012-12-23 20:00:00,114.86682854134297
2012-12-23 21:00:00,93.54126953855872
2012-12-23 22:00:00,79.79745817637914
2012-12-23 23:00:00,51.195701832915525
2012-12-24 00:00:00,22.646831140528505
2012-12-24 01:00:00,8.946692800639868
2012-12-24 02:00:00,4.37819207884879
2012-12-24 03:00:00,3.0305059305852504
2012-12-24 05:00:00,19.00381928440309
2012-12-24 06:00:00,88.05619298278724
2012-12-24 07:00:00,266.27405676111624
2012-12-24 08:00:00,524.2177680314502
2012-12-24 09:00:00,244.70260757938172
2012-12-24 10:00:00,110.02896680045491
2012-12-24 11:00:00,121.82788142853256
2012-12-24 12:00:00,164.94963652666024
2012-12-24 13:00:00,72.70994993223641
2012-12-24 14:00:00,81.64085363142857
2012-12-24 15:00:00,64.64232357103278
2012-12-24 16:00:00,100.37983409348628
2012-12-24 17:00:00,202.35578423259926
2012-12-24 18:00:00,187.8114801008931
2012-12-24 19:00:00,209.78728383147939
2012-12-24 20:00:00,107.36860989109934
2012-12-24 21:00:00,84.38203342707524
2012-12-24 22:00:00,83.90546102476927
2012-12-24 23:00:00,36.54673385122024
2012-12-25 00:00:00,50.431880308591786
2012-12-25 01:00:00,72.19853083444183
2012-12-25 02:00:00,50.01820507709343
2012-12-25 04:00:00,8.514553893760333
2012-12-25 05:00:00,6.4558040689715535
2012-12-25 06:00:00,10.285183185824158
2012-12-25 07:00:00,31.464001211513946
2012-12-25 08:00:00,94.4055917513985
2012-12-25 09:00:00,167.4673345699434
2012-12-25 10:00:00,237.60390385876386
2012-12-25 11:00:00,266.75974550910536
2012-12-25 12:00:00,322.2563540962168
2012-12-25 13:00:00,253.78540575847916
2012-12-25 14:00:00,213.26694973883107
2012-12-25 15:00:00,228.0359328690932
2012-12-25 16:00:00,255.11780786815405
2012-12-25 17:00:00,217.32639232392444
2012-12-25 18:00:00,202.91412621316198
2012-12-25 19:00:00,181.96589455435324
2012-12-25 20:00:00,157.8361877022607
2012-12-25 21:00:00,120.99957894613536
2012-12-25 22:00:00,132.67539577661492
2012-12-25 23:00:00,65.74553435767785
2012-12-26 00:00:00,19.90504183525021
2012-12-26 01:00:00,7.993664487272492
2012-12-26 02:00:00,4.605197694723005
2012-12-26 03:00:00,2.2976517890927237
2012-12-26 04:00:00,1.7111861526583731
2012-12-26 05:00:00,17.09781960275471
2012-12-26 06:00:00,82.65269716308265
2012-12-26 07:00:00,108.46494701476112
2012-12-26 08:00:00,212.0669571447332
2012-12-26 09:00:00,116.326399009047
2012-12-26 10:00:00,62.752586332387054
2012-12-26 11:00:00,55.663862824404404
2012-12-26 12:00:00,61.12296239221929
2012-12-26 13:00:00,58.85702159510088
2012-12-26 14:00:00,68.44695420551493
2012-12-26 15:00:00,58.29561269121268
2012-12-26 16:00:00,91.85805318660093
2012-12-26 17:00:00,173.5200379421115
2012-12-26 18:00:00,158.59816510483412
2012-12-26 19:00:00,120.13482467641764
2012-12-26 20:00:00,78.16328079524045
2012-12-26 21:00:00,125.87363552284953
2012-12-26 22:00:00,39.82023025037701
2012-12-26 23:00:00,25.10982150305391
2012-12-27 00:00:00,10.260627294411723
2012-12-27 01:00:00,3.9027844013619966
2012-12-27 02:00:00,3.065585665521012
2012-12-27 03:00:00,2.5037702708528284
2012-12-27 04:00:00,1.9919718007672937
2012-12-27 05:00:00,19.90132737951771
2012-12-27 06:00:00,72.60649122876514
2012-12-27 07:00:00,294.71296907155653
2012-12-27 08:00:00,520.206705817616
2012-12-27 09:00:00,252.0158898403203
2012-12-27 10:00:00,146.44262973700316
2012-12-27 11:00:00,145.11082640451036
2012-12-27 12:00:00,158.33646985272009
2012-12-27 13:00:00,145.913469743202
2012-12-27 14:00:00,127.01474463513668
2012-12-27 15:00:00,116.89054973774734
2012-12-27 16:00:00,160.26807144265007
2012-12-27 17:00:00,277.65861248054887
2012-12-27 18:00:00,273.8385231343929
2012-12-27 19:00:00,218.346140925836
2012-12-27 20:00:00,166.93470620942364
2012-12-27 21:00:00,119.41010307349006
2012-12-27 22:00:00,83.12859815431048
2012-12-27 23:00:00,42.09544721290071
2012-12-28 00:00:00,21.59399875657357
2012-12-28 01:00:00,8.98658761957695
2012-12-28 02:00:00,4.5539164584693355
2012-12-28 03:00:00,2.9793146166037934
2012-12-28 04:00:00,2.344706661405158
2012-12-28 05:00:00,18.394771843467453
2012-12-28 06:00:00,85.34949039889598
2012-12-28 07:00:00,244.66180679774132
2012-12-28 08:00:00,471.7032134122035
2012-12-28 09:00:00,242.2437801016404
2012-12-28 10:00:00,123.69712721551103
2012-12-28 11:00:00,133.7654991454116
2012-12-28 12:00:00,158.95675852415263
2012-12-28 13:00:00,147.426916417381
2012-12-28 14:00:00,138.61896209981904
2012-12-28 15:00:00,136.349728360107
2012-12-28 16:00:00,194.6401143130372
2012-12-28 17:00:00,290.5846759132284
2012-12-28 18:00:00,275.4351558587609
2012-12-28 19:00:00,213.83218407943696
2012-12-28 20:00:00,153.09453912541537
2012-12-28 21:00:00,125.36847244574672
2012-12-28 22:00:00,83.9608805280279
2012-12-28 23:00:00,46.98421618516019
2012-12-29 00:00:00,58.96997766875255
2012-12-29 01:00:00,59.10177580523789
2012-12-29 02:00:00,40.937211963195935
2012-12-29 03:00:00,18.095175695747812
2012-12-29 04:00:00,6.095164588774836
2012-12-29 05:00:00,4.891159745040856
2012-12-29 06:00:00,8.578707581570127
2012-12-29 07:00:00,27.080847455907424
2012-12-29 08:00:00,68.44047298092225
2012-12-29 09:00:00,130.78091010963058
2012-12-29 10:00:00,118.6790439247546
2012-12-29 11:00:00,112.88694583177326
2012-12-29 12:00:00,143.64107741678814
2012-12-29 13:00:00,146.87098303849908
2012-12-29 14:00:00,185.62924697277785
2012-12-29 15:00:00,246.67978431911033
2012-12-29 16:00:00,302.7336975749583
2012-12-29 17:00:00,178.45091784872008
2012-12-29 18:00:00,189.6234545431361
2012-12-29 19:00:00,153.82604165937533
2012-12-29 20:00:00,131.26118087632483
2012-12-29 21:00:00,102.52391928715825
2012-12-29 22:00:00,72.31767020090491
2012-12-29 23:00:00,49.71065070366561
2012-12-30 00:00:00,57.61994907724982
2012-12-30 01:00:00,49.369309025063934
2012-12-30 02:00:00,38.49847477074258
2012-12-30 03:00:00,16.134144188491273
2012-12-30 04:00:00,4.425238194908628
2012-12-30 05:00:00,4.197968569681319
2012-12-30 06:00:00,7.254969145583756
2012-12-30 07:00:00,28.549609935182687
2012-12-30 08:00:00,66.29679584580502
2012-12-30 09:00:00,112.50650733968195
2012-12-30 10:00:00,182.88711807649565
2012-12-30 11:00:00,200.75806915731374
2012-12-30 12:00:00,285.97447643112446
2012-12-30 13:00:00,246.48233791123744
2012-12-30 14:00:00,214.31063854722137
2012-12-30 15:00:00,249.46381403900756
2012-12-30 16:00:00,254.61789643158954
2012-12-30 17:00:00,176.07499131046043
2012-12-30 18:00:00,138.86185944932427
2012-12-30 19:00:00,178.6149623199042
2012-12-30 20:00:00,104.79592844631318
2012-12-30 21:00:00,73.61822417987919
2012-12-30 22:00:00,65.62414124095429
2012-12-30 23:00:00,39.212174957406035
2012-12-31 00:00:00,20.093578905688105
2012-12-31 01:00:00,8.67418664320728
2012-12-31 02:00:00,4.3345081314139815
2012-12-31 03:00:00,2.5224478795896146
2012-12-31 04:00:00,2.152243553390059
2012-12-31 05:00:00,17.346551024521116
2012-12-31 06:00:00,84.35298524950635
2012-12-31 07:00:00,229.7085843473246
2012-12-31 08:00:00,450.20116312550465
2012-12-31 09:00:00,250.40499108616433
2012-12-31 10:00:00,116.20153013755325
2012-12-31 11:00:00,116.27357858955362
2012-12-31 12:00:00,142.69004043285366
2012-12-31 13:00:00,139.2281180168579
2012-12-31 14:00:00,137.09252555107247
2012-12-31 15:00:00,141.39362880691178
2012-12-31 16:00:00,153.2989623189975
2012-12-31 17:00:00,265.2375299265232
2012-12-31 18:00:00,245.5461252471188
2012-12-31 19:00:00,222.43371206384543
2012-12-31 20:00:00,157.73391005141022
2012-12-31 21:00:00,129.17449274612892
2012-12-31 22:00:00,92.078178025542
2012-12-31 23:00:00,49.0997074638271
